date,rating,content,cleaned_review,day_of_week,tf_idf_mean_score,lexicon_score,lexicon_sentiment,matched_word_count
2026-07-25,2.5,좋은 사람들이 뭉쳐서 만든 영화라는게 느껴져서 좋다.,좋 사람 뭉치 만들 영화 느끼 지 좋,Saturday,0.1383450524050975,0.0,중립,0
2026-07-24,3.0,이게 천육백만?,이것 천 육 백 만,Friday,0.0,0.0,중립,0
2026-07-24,3.5,좋은영화지만. 명작은아님,좋 영화 명작 아니,Friday,0.1385899703304592,0.0,중립,0
2026-07-23,3.5,"박지훈, 유해진이 멱살 잡고 끌어올렸다. 이게 1600만이라는 건 놀랍지만, 그래도 둘의 연기는 정말 미쳤다.",박지훈 유해진 멱살 잡 끌어올리 이것 만 놀랍 그래도 둘 연기 미치,Thursday,0.1404769626093076,0.0,중립,0
2026-07-22,3.5,"천만 영화의 명성에 과한감이 없지 않지만, 천만 영화의 가슴속 전해지는 울림에는 과한감이 없다.",천만 영화 명성 과하 감 없 않 천만 영화 가슴속 전하 지 울림 과하 감 없,Wednesday,0.1,2.0,긍정,1
2026-07-22,2.5,"배우들의 연기에 지나치게 기대며, 서사의 빈틈을 메우려 한다.",배우 연기 지나치 기대 서사 빈틈 메우 하,Wednesday,0.141311923758918,1.0,긍정,1
2026-07-22,4.0,"단종애사를 읽었던 적이 있다 
어린 왕의 가슴아픔이 과함이 없이 담백하게 배우들의 명연기로 그 빛을 발한다",단종애사 읽 적 있 어리 왕 가슴 아픔 과하 없이 담백 배우 명 연기 빛 발하,Wednesday,0.141311923758918,-1.0,부정,2
2026-07-22,1.0,이게 광해랑 비교되다니..광해한테 아주 큰 실례임,이것 광해 비교 광해 아주 크 실례,Wednesday,0.0,0.0,중립,0
2026-07-21,5.0,꼭 봐야 하는 영화,꼭 보 하 영화,Tuesday,0.1,0.0,중립,0
2026-07-19,5.0,평점 왜이럼?,평점 왜 이러,Sunday,0.0,0.0,중립,0
2026-07-17,4.0,내용적으로는 무난하고 뛰어나다 할 순 없지만 배우들의 힘이나 작품의 분위기가 이 극을 이끌어 가는거 같다,내용 무난 뛰어나 하 없 배우 힘 작품 분위기 극 이끌 같,Friday,0.1,2.0,긍정,1
2026-07-15,3.5,유해진의 연기만 보였다.,유해진 연기 보이,Wednesday,0.1404769626093076,0.0,중립,0
2026-07-13,2.0,장항준 감독은 도대체 무슨 운이 좋아 이런 평을 받는 걸까.,장항준 감독 도대체 무슨 운 좋 이런 평 받,Monday,0.0,1.0,긍정,1
2026-07-11,4.0,"OTT 공개 전 궁금했던 호랑이와 천만 관객 흥행작이라 기대하고 봤어요. 박지훈 배우의 연기는 좋았지만, 개인적으로는 다른 작품들이 더 인상 깊었습니다.",공개 전 궁금 호랑이 천만 관객 흥행작 기대 보 박지훈 배우 연기 좋 개인 다른 작품 인상 깊,Saturday,0.141311923758918,3.0,긍정,2
2026-07-11,3.5,연기 덕에 산 연출,연기 덕 살 연출,Saturday,0.1402197303686017,2.0,긍정,1
2026-07-08,3.5,볼만했음 깔끔하고,보 만 깔끔,Wednesday,0.0,0.0,중립,0
2026-07-08,3.5,낙화유수가 있기에 백화요란이 더욱 찬란한 법. 이토록 아린 애사(哀史)는 올바른 역사를 다시 거두어들인다.,낙화유수 있 백화 요란 더욱 찬란 법 이토록 아리 애사 올바르 역사 다시 거두어들이,Wednesday,0.1,0.0,중립,0
2026-07-06,3.0,"스포를 알고 보는 영화지만
마지막까지 긴장을 끊을 수 없었다.
천만영화 반열에 오를만한 가치가 있냐고 묻는다면
개봉 전 다른 영화들이 삽질해서 빛을 본 영화라고밖에.",스포 알 보 영화 마지막 긴장 끊 없 천만 영화 반열 오르 만 가치 있 묻 개봉 전 다른 영화 삽 빛 보 영화,Monday,0.1,1.0,긍정,3
2026-07-05,4.0,네이노노노노노노옴,노 노 노 노 노 노옴,Sunday,0.0,0.0,중립,0
2026-07-03,5.0,유해진이 와 99프로가 유해진이 다했다,유해진 오 프로 유해진 다 하,Friday,0.1,0.0,중립,0
2026-06-30,4.0,"사람들에게 짧게 각인된 역사와
현대의 픽션 한 숟갈을
적절한 연출과 배우의 연기차력으로
버무려 맛있게 내어놓은 한상",사람 짧 각인 역사 현대 픽션 숟갈 적절 연출 배우 연기 차 버무리 맛있 내어놓 상,Tuesday,0.221866970659984,0.0,중립,0
2026-06-29,3.0,"단종이라는 비극적 인물을 정면으로 다루며, 인간적인 감정과 울림을 차분히 끌어낸 작품🎬
이미 알려진 비극을 다시 한번 깊이 있게 마주하게 만드는 이야기의 힘이 인상적이었다.",단종 비극 인물 정면 다루 인간 감정 울림 차분히 끌어내 작품 이미 알리 지 비극 다시 번 깊이 있 마주하 만들 이야기 힘 인상,Monday,0.1,-4.0,부정,2
2026-06-26,5.0,매우 재미있게 봤고 2번봐도 또 보고 싶은 작품. 박지훈&유해진 연기 넘 잘함👍 두번다 오열해써여..ㅋ 괜히 1600만 영화가 아님♡,매우 재미있 보 번 보 또 보 싶 작품 박지훈 유해진 연기 넘 잘 하 두 번 다 오열 쓰 괜히 만 영화 아니,Friday,0.1972726975410905,1.0,긍정,1
2026-06-26,1.0,"이게 정말 재밌다고?
나만 몰카 당하는건가?

영화에서 인물이 인물로 안보이고,
우리가 익히 아는 그 배우들로 보이면
이건 큰 문제다. 특히나 사극에서.

장항준 감독 너무 호감이고, 응원하지만
이게 그 정돈 절대 아니지..",이것 재밌 나 몰카 당하 영화 인물 인물 안 보이 우리 익히 알 배우 보이 이거 크 문제 특히 사극 장항준 감독 호감 응원 이것 정도 절대 아니,Friday,0.1706840793841572,2.0,긍정,1
2026-06-14,0.5,"내용도 없고 싸구려 유머, 감정 자극만 범벅",내용 없 싸구려 유머 감정 자극 범벅,Sunday,0.0,0.0,중립,0
2026-06-14,5.0,"역사에서 간단히 다뤄진 단종의 이야기를 색다룬 관점에서 풀어낸 이야기, 배우들의 연기력으로 높은 평점을 줄 수 있는 영화",역사 간단히 다루 지 단종 이야기 색 다루 관점 풀어내 이야기 배우 연기력 높 평점 주 있 영화,Sunday,0.1984456660479547,0.0,중립,0
2026-06-10,2.5,1689만명에 난 포함 안되어있다.,만 명 나 포함 안 되 있,Wednesday,0.0,0.0,중립,0
2026-06-10,5.0,박지훈의 눈동자만 봐도 주룩주룩,박 지훈 눈동자 보 주룩주룩,Wednesday,0.0,0.0,중립,0
2026-06-09,4.5,재밌게 봤으나 4점 정도가 적당,재밌 보 점 정도 적당,Tuesday,0.0,0.0,중립,0
2026-06-05,4.5,"충이란 무엇이길래 자신의 목숨을 기꺼이 내줄 수 있는 것일까..
이홍위는 그 어린 나이에 그렇게 큰 짐을 혼자서 짊어지고 얼마나 힘들었을까 어린 왕의 가슴 아픈 이야기가 아닐까싶다",충 무엇 자신 목숨 기꺼이 내주 있 이홍위 어리 나이 그렇 크 짐 혼자 짊어지 얼마나 힘들 어리 왕 가슴 아프 이야기 아니 싶,Friday,0.1,-3.0,부정,2
2026-06-01,1.0,"마케팅과, 존버의 승리",마케팅 존버 승리,Monday,0.0,2.0,긍정,1
2026-05-31,3.5,개인적으로 역사에 관심을 가지게 해주는 영화는 다 좋아해서 잘봄,개인 역사 관심 가지 하 주 영화 다 좋 하 잘 보,Sunday,0.1396861576707047,1.0,긍정,1
2026-05-29,5.0,마음을 울리는 몰입감 있는 영화,마음 울리 몰입 있 영화,Friday,0.1,0.0,중립,0
2026-05-25,2.5,변주 없이 너무 뻔하고 울고 예쁜,변주 없이 뻔하 울 예쁘,Monday,0.0,0.0,중립,0
2026-05-25,4.0,한명회 고얀놈 -2026-05-25,한명회 고얀 놈,Monday,0.0,0.0,중립,0
2026-05-25,2.5,"좋게 줘서 별 2개 반. 천만이나 볼 정도로 영화 보는 눈이 이렇게 낮아진건가? 유지태 연기 겁나 어색하고, 호랑이는 기겁했으며, 신파가 어마무시하다. 마을 잔치 씬은 참...",좋 주 별 개 반 천만 보 정도 영화 보 눈 이렇 낮 지 유지태 연기 겁나 어색 호랑이 기겁 신파 무시 마을 잔치 씬 참,Monday,0.1413068542326407,0.0,중립,0
2026-05-25,2.0,"초반 유해진원툴, 서사에비해 너무나 가벼운 연출 배우들 연기로 땜빵하려는 영화처럼 느껴졌다.  
한국영화에 물음표 띄우게되는 천만영화는 많으니까",초반 유해진 원 투 서사 비하 너무나 가볍 연출 배우 연기 땜 빵 영화 느끼 지 한국 영화 물음표 띄우 되 천만 영화 많,Monday,0.2046916054404635,0.0,중립,0
2026-05-23,4.5,저런 왕이라면 같이 살고 싶다,저런 왕 같이 살 싶,Saturday,0.0,0.0,중립,0
2026-05-21,4.5,17세 라는 것에 눈물이 차오름.. 영화가 뭔가 숏츠같은 전환 같달까? 오히려 지루하지 않고 시간이 훌쩍 지나감,세 눈물 차오르 영화 뭐 숏츠 같 전환 같 하 오히려 지루 않 시간 훌쩍 지나가,Thursday,0.1,-2.0,부정,2
2026-05-21,2.0,기대가컸나..유해진의똥꼬힘연기는 피로했고 내용은 진부했다.,기대 크 유해진의똥꼬힘연기 피로 내용 진부,Thursday,0.0,0.0,중립,2
2026-05-19,3.0,전형적인 천만영화,전형 천만 영화,Tuesday,0.1,0.0,중립,0
2026-05-13,5.0,"여러분의 12살때를 기억하는가
그 어린나이에 왜 이런일을 겪어야하는지  너무나도 원통합니다",여러분 살 때 기억 어리 나이 왜 이런 일 겪 하 너무나 원통,Wednesday,0.0,1.0,긍정,1
2026-05-12,2.5,"단종과 마을 사람들의 가족놀이, 달려온 서사에 비해 과한 애틋함, 흙탕물 속에서도 빛나는 유해진 연기",단종 마을 사람 가족 놀이 달려오 서사 비하 과하 애틋 흙탕물 속 빛나 유해진 연기,Tuesday,0.1985339572565318,0.0,중립,0
2026-05-11,3.0,감정 표현에 공을 들인 것이 보이나 여전히 싱겁다,감정 표현 공 들이 보이 여전히 싱겁,Monday,0.0,0.0,중립,0
2026-05-10,4.5,"배우들의 연기가 너무 좋고 오랜만에 마음이 요동치는 영화를 봤음 . 
다만 스토리에 아쉬움이 있고 후반으로 갈수록 급작스럽게 감정선을 끌어올리며 전개되서 내가 그 모든 감정들을 다 따라 잡기 어려웠음 
그러나 스토리의 부족함을 배우들의 연기력으로 끌고 나가 결국 마지막에 눈물을 흘리게 만듬",배우 연기 좋 오랜만 마음 요동치 영화 보 다만 스토리 아쉬움 있 후반 급작스럽 감정 선 끌어올리 전개 나 모든 감정 다 따르 잡 어렵 그러나 스토리 부족 배우 연기력 끌 나가 결국 마지막 눈물 흘리 만드,Sunday,0.1598721418219894,-3.0,부정,3
2026-05-09,4.5,"결말을 거의 알지만 즐거운 마을 분위기가 좋고 흐뭇했다. 사람 사는 냄새가 나서 좋았고, 어린 나이에 너무 많은 것을 짊어져야 했을 이홍위가 안타까웠다.",결말 거의 알 즐겁 마을 분위기 좋 흐뭇 사람 사 냄새 나 좋 어리 나이 많 짊어지 하 이홍위 안타깝,Saturday,0.1,0.0,중립,0
2026-05-08,2.0,영화 좀 본사람들은 형편없는 그냥 평범한 영화 연출인지 알텐데,영화 보 사람 형편없 그냥 평범 영화 연출 알 터,Friday,0.1712042575589704,0.0,중립,0
2026-05-05,4.0,배우 분들 연기력에 몰입할 수 있었어요,배우 분 연기력 몰입 있,Tuesday,0.1,0.0,중립,0
2026-05-04,3.0,"희미했던 역사에서 느낀 기시감에

헐겁지만 정겨운 바느질

두 뜨개바늘의 열정적인 노력

그대로 헐거웠다면 좋았겠지만

결국 묶어버렸고, 달궈버렸다",희미 역사 느끼 기시감 헐겁 정겹 바느질 두 뜨개 바늘 열정 노력 그대로 헐겁 좋 결국 묶 버리 달구 버리,Monday,0.1,1.0,긍정,1
2026-05-04,3.5,오랜만에 잘만든 웰메이드 한국영화,오랜만 잘 만들 웰 메이드 한국 영화,Monday,0.1,1.0,긍정,1
2026-05-04,3.0,"차갑게 식어간 왕을 뜨거운 눈시울로 안장하는 각본, 눈치 없이 산통 깨는 연출.

역사적 사실에 상상력을 가미한 이야기 자체는 흥미로웠지만 다 된 밥에 코 빠뜨리는 연출이 참... 유해진의 차력쇼 덕에 살았다.",차갑 식 왕 뜨겁 눈시울 안장 각본 눈치 없이 산통 깨 연출 역사 사실 상상력 가미 이야기 자체 흥미 롭 다 되 밥 코 빠뜨리 연출 참 유해진 차력쇼 덕 살,Monday,0.1625245429139237,3.0,긍정,2
2026-05-04,3.0,이게 재밌냐?,이것 재밌,Monday,0.0,0.0,중립,0
2026-05-04,3.5,"단군은 정태우가 짱이라 생각했는데,,,",단군 정태우 짱 생각,Monday,0.1,0.0,중립,0
2026-05-03,5.0,후반부내내 그냥 눈물밖에 안나옴,후반부 내내 그냥 눈물 안 나오,Sunday,0.0,-1.0,부정,1
2026-05-03,0.5,"과하다 과해 상상력이...시골 촌장쌍놈이  아무리 유배왔다고 임금이었던 사람한테 저리대한다고? ㅋㅋ 어이가 없다...
무지한인간들은 저게 사실인줄 착각하고 받아들인다..ㅉㅉㅉ",과하 과하 상상력 시골 촌장 쌍놈 아무리 유배 오 임금 사람 저리 대하 어이 없 무지 인간 저것 사실 줄 착각 받아들이,Sunday,0.1,-2.0,부정,1
2026-05-03,3.0,무난하게 괜찮았지만 작품의 완성도와 흥행은 별개라는 생각이,무난하 괜찮 작품 완성도 흥행 별개 생각,Sunday,0.1,2.0,긍정,1
2026-05-02,5.0,"제가 영화관에서 오열을 해본건 처음이엿어요,,, 팀왕사남 사랑합니다 ❤️",영화관 오열 하 보 처음 팀왕사남 사랑,Saturday,0.0,2.0,긍정,1
2026-05-02,4.0,나는 안울줄 알았다,나 안 울 줄 알,Saturday,0.0,0.0,중립,0
2026-05-02,5.0,ㅈㄴ 말이 필요없암 ㅋㅋㅋ 개재밋노,말 필요 없 암 개재밋노,Saturday,0.0,0.0,중립,0
2026-05-02,3.0,"<왕과 사는남자>, 이 영화는 당분간, 아니 어쩌면 아주 오랜 시간 한국영화의 역사의 한페이지를 장식 할 것 같다. 영화적인 성취는 다양하고, 그 다양함 중에 가장 민감 한 것은 흥행이라는 타이틀 이기에 1600만이라는 말도 안되는 숫자는 감히 이 영화의 모든 단점들을 상쇄 시키고도 남을정도다.

많은 대중들은 이 영화를 선택했고, 이 영화의 대중성은 충분히 입증됐다. 개인적으로도 잘 만들어진 대중 영화라고 생각한다. 장항준 감독을 인간적으로는 정말 좋아하고 매력적인 인간상이라고 생각하지만 감독으로써의 뛰어난 영화적인 재능 같은 것이 느껴지진 않았다. 이 영화를 썩 재밌고 흥미롭게 봤지만 그 생각에는 큰 변함이 없다.

<왕과 사는 남자> 는 조선의 가장 비극적인 왕으로 알려진 단종에 대한 이야기다. 계유정난을 맞아 왕위가 찬탈 되어 유배되어진 단종, 이홍위가 유배지인 영월에서 벌어지는 이야기다.

그렇지만 이 영화는 조선왕조의 대한 영화들과는 다른 시점으로 진행된다. 단종의 역사에서 가장 민감하고 중요한 계유정난의 이야기 보다는 유배되어진 곳에서의 생활을 영화적인 상상들로 채워 넣는다. 덕분에 영화는 기존 조선 사극과는 완전하게 다른, 궁궐 장면 같은 것은 전혀 등장하지 않고 영월의 주변 인물들을 중심으로 진행된다. 당연하게도 그 주변인물들 속에 스며드는 어린 단종의 모습이 영화적인 포커스를 맞추고, 그 중앙에 엄흥도 라는 인물을 부각 시키면서 영화적인 상상들을 꿰어 넣는다.

결국 영화는 역사적인 결말을 알고 있는 상황에서 그 과정들에 대한 중요성을 인식하고 엄흥도와 단종, 두 캐릭터에 한껏 힘을 보탠다. 그래서 영화는 이 두 캐릭터의 역할이 중추적인 성공 요인으로 작용되고, 이 두 캐릭터를 연기하는 유해진과 박지훈의 모습이 영화적인 성취에 가장 중요한 역할이 됐다.

결과적으로 1600만명라는 사람들이 보게 된 것은 다양한 요인들이 있겠지만 이 두 역할을 소화해 낸 두 배우에게 1차적인 공을 돌려서 어색하지 않을 만큼 멋진 모습을 보여준다. 특히, 유해진 배우야 이미 충분히 보여줬고 자신의 역할에 딱 맞는 옷을 입어 완벽한 엄흥도의 모습을 보여주면서 영화의 핵심적인 역할을 하는 것은 어찌보면 당연하게 느껴질 정도지만, 신인이라고 할 수 있는 박지훈 배우가 보여주는 어린 단종의 모습은 이 영화에서 가장 강렬하게 다가오는 것을 부인 할 수 없다. 영화 개봉 된 후로 이어지는 박지훈 배우에 대한 노골적인 칭찬은 괜한 미디어의 떠벌림이 아니라, 충분히 그럴만한 기사였다고 느껴진다.

<왕과 사는 남자> 영화적인 완성도는 다소 아쉽지만, 그럼에도 두 배우의 열연과, 이 믿기지 않을 흥행은 이 모든 것들을 상쇄시킨다. 감히 이 영화에 대한 불호의 이야기를 선뜻 하기가 쉽지 않을정도로 말이다. 그만큼 대중성의 기준으로는 쉽고, 착하고, 감동적인 것들을 잘 버무렸고, 그런 모든 것들을 조율한 장항준 감독의 대중성에도 박수를 보낸다.

장항준 감독의 영화라면 전혀 궁금할 것 같지 않았는데 이 영화를 보고 난 후에는 다음 영화에 대한 기대감까지 생기는 걸 보니 결론적으로 결과, 아니 흥행은 상업영화에서 그만큼 중요하다는 걸 새삼 느낀다.",왕 사 남자 영화 당분간 어쩌면 아주 오랜 시간 한국 영화 역사 페이지 장식 같 영화 성취 다양 다양 중 가장 민감 흥행 타이틀 만 말 안 되 숫자 감히 영화 모든 단점 상쇄 남 정도 많 대중 영화 선택 영화 대중 충분히 입증 개인 잘 만들 지 대중 영화 생각 장항준 감독 인간 좋아하 매력 인간상 생각 감독 뛰어나 영화 재능 같 느끼 지 않 영화 썩 재밌 흥미 롭 보 생각 크 변하 없 왕 사 남자 조선 가장 비극 왕 알려지 단종 대하 이야기 계유정난 맞 왕위 찬탈 유배 지 단종 이홍위 유배지 영월 벌어지 이야기 그렇지만 영화 조선 왕조 대한 영화 다르 시점 진행 단종 역사 가장 민감 중요 계유정난 이야기 유배 지 곳 생활 영화 상상 채우 넣 덕분 영화 기존 조선 사극 완전 다른 궁궐 장면 같 전혀 등장 않 영월 주변 인물 중심 진행 당연 주변 인물 속 스미 어리 단종 모습 영화 포커스 맞추 중앙 엄흥도 인물 부각 영화 상상 꿰 넣 결국 영화 역사 결말 알 있 상황 과정 대하 중요 인식 엄 흥 단종 두 캐릭터 한껏 힘 보태 그래서 영화 두 캐릭터 역할 중추 성공 요인 작용 두 캐릭터 연기 유해진 박 지훈 모습 영화 성취 가장 중요 역할 되 결과 만 명 하 사람 보 되 다양 요인 있 두 역할 소화 내 두 배우 차 공 돌리 어색 않 만큼 멋지 모습 보이 주 특히 유해진 배우 이미 충분히 보이 주 자신 역할 딱 맞 옷 입 완벽 엄 흥 모습 보이 주 영화 핵심 역할 하 어찌 보 당연 느끼 지 정도 신인 하 있 박지훈 배우 보이 주 어리 단종 모습 영화 가장 강렬 다가오 부인 없 영화 개봉 되 후 이어지 박지훈 배우 대하 노골 칭찬 괜 미디어 떠벌리 아니 충분히 그렇 만 기사 느끼 지 왕 사 남자 영화 완성도 다소 아쉽 그렇 두 배우 열연 믿기 않 흥행 모든 상쇄 감히 영화 대하 불 호 이야기 선뜻 하 쉽 않 정도 말 그만큼 대중 기준 쉽 착하 감동 잘 버무리 그런 모든 조율 장항준 감독 대중 박수 보내 장항준 감독 영화 전혀 궁금 같 않 영화 보 나 후 다음 영화 대하 기대감 생기 보 결론 결과 흥행 상업 영화 그만큼 중요 새삼 느끼,Saturday,0.1920693720988187,19.0,긍정,15
2026-05-02,5.0,덕분에 온가족이 한 영화를 같이보게된 고마운 영화.눈물샘 지점이 다르긴해도 간만에 몰입하고 재밌게본 수작!!,덕분 온 가족 영화 같이 보 되 고맙 영화 눈물샘 지점 다르 하 간만에 몰입 재밌 보 수작,Saturday,0.1,0.0,중립,0
2026-05-02,4.0,"이 영화가 가장 영리한 지점은 바로 시각의 전환입니다. 대부분의 단종 관련 콘텐츠가 궁궐에서 펼쳐지는 권력 다툼에 집중했다면, 이 작품은 그 모든 게 끝나고 난 뒤, 산골 오지에 덩그러니 놓인 소년 왕의 하루하루를 카메라에 담습니다. 영화의 제목 그대로 ""왕과 사는 남자""이지, ""왕을 모시는 남자""가 아닌 이유가 여기에 있습니다. 수직적 충성이 아니라 같은 공간을 공유하는 인간적 관계를 보여주겠다는 감독의 의도가 제목 한 줄에 다 담겨 있어요.

유해진의 연기는 역시 기대를 저버리지 않습니다. 마을 사람들을 먹여살리기 위해 계산적으로 움직이다가, 어느 순간 자신도 모르게 이 소년이 신경 쓰여지는 엄흥도의 감정 변화를 자연스럽게 끌고 갑니다. 박지훈이 연기한 이홍위 역시 아이돌 출신이라는 선입견을 완전히 날려버립니다. 꼿꼿하면서도 무너지는 어린 왕의 내면을 절제된 눈빛으로 표현해냈고, 특히 후반부의 감정선이 강렬하게 남습니다. ""밥""을 매개로 두 사람이 서서히 마음을 열어가는 장면들은 이 영화에서 가장 따뜻한 순간들이에요.

올 로케이션 촬영으로 담아낸 영월·문경·평창의 풍경도 빼놓을 수 없습니다. 척박하지만 고요한 산골의 계절감이 이야기의 쓸쓸함과 정확하게 맞물리면서 영화의 정서를 완성시킵니다.",영화 가장 영리 지점 바로 시각 전환 대 부분 단종 관련 콘텐츠 궁궐 펼쳐지 권력 다툼 집중 작품 모든 끝나 나 뒤 산골 오지 덩그렇 놓이 소년 왕 하루하루 카메라 담 영화 제목 그대로 왕 사 남자 왕 모시 남자 아니 이유 여기 있 수직 충성 아니 같 공간 공유 인간 관계 보이 주 감독 의도 제목 줄 다 담기 있 유해진 연기 역시 기대 저버리 않 마을 사람 먹이 살리 위하 계산 움직이 어느 순간 자신 모르 소년 신경 쓰이 지 엄 흥 감정 변화 자연 스럽 끌 박지훈 연기 이홍위 역시 아이돌 출신 선입견 완전히 날리 버리 꼿꼿 무너지 어리 왕 내면 절제 눈빛 표현 내 특히 후반부 감정 선 강렬 남 밥 매개 두 사람 서서히 마음 열 장면 영화 가장 따뜻 순간 올 로케이션 촬영 담아내 영월 문경 평창 풍경 빼놓 없 척박 고요 산골 계절 이야기 쓸쓸 정확 맞물리 영화 정서 완성,Saturday,0.2286384915109178,2.0,긍정,4
2026-05-01,3.5,다소 부족하게 느껴지는 개연성과 당위성을 배우의 힘으로 메우는 영화,다소 부족 느끼 지 개연 당위 배우 힘 메우 영화,Friday,0.140976537461733,-1.0,부정,1
2026-05-01,3.0,"기존의 정치적 암투 중심에서 벗어나 유배지에서의 생활과 단종이 겪는 심리적 고립감, 그리고 단종을 바라보는 백성의 시선을 그린 점이 마음에 든다. 영화관표 범티 CG 궁금.",기존 정치 암투 중심 벗어나 유배지 생활 단종 겪 심리 고립감 그리고 단종 바라보 백성 시선 그리 점 마음 영화관 표 범 티 궁금,Friday,0.1,-1.0,부정,1
2026-05-01,3.0,흥도와 단종 간 의리의 뿌리는 인간을 향한 연민과 공감. 박지훈의 연기에서 '사도' 속 유아인의 향기가 났다.,흥 단 종 간 의리 뿌리 인간 향하 연민 공감 박지훈 연기 사도 속 유아인 향기 나,Friday,0.1,-1.0,부정,1
2026-05-01,3.0,"장항준 감독에 기대한 것보다는 좀 괜찮았다.
유지태, 유해진 외 다들 연기도 좋았고.
내용이 좀 너무 무난하게 클리셰 전개인데다,
대사나 신분차에 대한 고증도 너무 대충한게 느껴지고,
특히 클라이맥스에서 너무 개연성 없이 신파 전개에만 집중한 것도 
오히려 몰입 깨지게 해서 별로였다.
전체적으로, 이 정도 관객 동원을 할 정도의 영화로는 좀 많이 모자란 영화.",장항준 감독 기대 괜찮 유지 태 유해진 외 다 연기 좋 내용 무난하 클리셰 전개 데 대사 신분 차 대하 고증 대충 하 느끼 지 특히 클라이맥스 개연 없이 신파 전개 집중 오히려 몰입 깨지 하 별로 전체 정도 관객 동원 하 정도 영화 많이 모자라 영화,Friday,0.1677168331818584,1.0,긍정,1
2026-05-01,1.0,역사적 사실이긴 한데..  재미는 없다~!,역사 사실 하 재미 없,Friday,0.1,2.0,긍정,1
2026-05-01,2.5,결국 많이 팔리는 건 장인의 독특한 수제품이 아니라 어디서 많이 본듯한 공산품.,결국 많이 팔리 장인 독특 제품 아니 어디 많이 보 듯 공산품,Friday,0.1,0.0,중립,0
2026-04-30,3.0,역사적인 배경에서 오는 잔잔하지만 큰 울림,역사 배경 오 잔잔 크 울림,Thursday,0.1,0.0,중립,0
2026-04-29,0.5,천만까지 갈 수준인가? X,천 만 수준,Wednesday,0.0,0.0,중립,0
2026-04-29,3.0,"술픈 역사와 배우들의 연기와 전국적 열기로 만들어진 두쫀쿠를 한 알 먹은 느낌.
뒷맛이 몹시 슬프다. 그것은 사실이다.",술 프 역사 배우 연기 전국 열기 만들 지 두쫀쿠 알 먹 느낌 뒷맛 몹시 슬프 그것 사실,Wednesday,0.1723312656450407,0.0,중립,0
2026-04-29,3.0,한명회 죽었는데 또 죽어라,한명회 죽 또 죽,Wednesday,0.0,0.0,중립,0
2026-04-27,4.5,"개봉 시기가 좋았다고 생각하며 그정돈 아니다라고 말할 수 있는 수준은
광해, 극한직업, 아바타 등 수작들과 비교했을 때 정도이지 괜찮습니다.
OTT로 한번은 더",개봉 시기 좋 생각 정도 아니 말 있 수준 광 극한 직업 아바타 수작 비교 때 정도 괜찮 번,Monday,0.1411028790271374,0.0,중립,0
2026-04-26,3.0,역사를 알고 보면 다르게 보이는 영화다.,역사 알 보 다르 보이 영화,Sunday,0.1396861576707047,0.0,중립,0
2026-04-24,4.0,다른 시대극 영화들보단 못하지만 볼만하다.,다른 시대극 영화 못 하 보 만,Friday,0.1,0.0,중립,1
2026-04-20,2.0,이 영화와 역사를 분리해서 볼 필요는 있음. 그것이 역사에 대한 평가든 영화에 대한 평가든.,영화 역사 분리 보 필요 있 그것 역사 대하 평가 영화 대하 평가,Monday,0.1396861576707047,0.0,중립,0
2026-04-20,4.0,배우들 연기가 어마어마,배우 연기 어마어마,Monday,0.141311923758918,0.0,중립,0
2026-04-20,2.0,소재와 프로덕션을 뺀 모든 것이 낡았다,소재 프로덕션 빼 모든 낡,Monday,0.0,0.0,중립,0
2026-04-19,3.5,"척박하여 조정조차 삶을 몰랐던 영월의 삶을 단종으로 치료하며, 그 안에 저도 있습니까.",척박하 조정 삶 모르 영월 삶 단종 치료 안 있,Sunday,0.1,0.0,중립,0
2026-04-19,5.0,유해진이 대단하다고 생각함 무조건 상주세요 내가 진짜 최고,유해진 대단 생각 무조건 상 주 나 최고,Sunday,0.1404813678592376,2.0,긍정,1
2026-04-19,5.0,모든 배우들의 연기가 완벽했다,모든 배우 연기 완벽,Sunday,0.141311923758918,0.0,중립,0
2026-04-18,3.0,연기 잘하는 배우들을 만나는 것도 감독의 운.,연기 잘 배우 만나 감독 운,Saturday,0.141311923758918,2.0,긍정,2
2026-04-17,1.5,볼 만한 영화인건 맞지만 이런 열풍이 일어날 정도인지 몰랐다.,보 만 영화 맞 이런 열풍 일어나 정도 모르,Friday,0.1,0.0,중립,0
2026-04-17,5.0,"간만에 삼박자가 잘 맞는 영화가 나왔다. 
연기,연출,대본 이 모든 것이 최고였다.",간만에 삼박자 잘 맞 영화 나오 연기 연출 대본 모든 최고,Friday,0.1712306855387894,3.0,긍정,2
2026-04-16,5.0,어린 왕의 삶이  가슴 저리게 느껴진 영화,어리 왕 삶 가슴 저리 느끼 지 영화,Thursday,0.1,0.0,중립,0
2026-04-16,5.0,이 영화를 사랑 해요,영화 사랑,Thursday,0.1,2.0,긍정,1
2026-04-15,5.0,후반부에 너무 슬퍼서 감정조절하기 힘들만큼 감동적이고 재밌었습니다!!!,후반부 슬프 감정 조절 힘들 만큼 감동 재밌,Wednesday,0.0,0.0,중립,2
2026-04-15,4.5,시작에 호랑이빼고 다좋음. 왠만해서 안우는데 보고 움..,시작 호랑이 빼 다 좋 왠 만 안 울 보 움,Wednesday,0.0,0.0,중립,0
2026-04-15,5.0,사극을 어렵지않게 중간중간 코믹한장면도넣고 시간가는줄모르고 잘봄...유해진이 주인공인듯?,사극 어렵 않 중간 중간 코믹 장면 넣 시간 줄 모르 잘 보 유해진 주인공 듯,Wednesday,0.1,1.0,긍정,1
2026-04-15,2.5,천만 중 1인이 된 거에 만족,천만 중 인 되 만족,Wednesday,0.0,2.0,긍정,1
2026-04-15,4.0,대중들이 아는맛을 정확히 관통 유해진 하드캐리,대중 아 맛 정확히 관통 유해진 하드캐리,Wednesday,0.1,2.0,긍정,1
2026-04-14,4.5,역사적 사실이라 결말을 알지만 그럼에도 깊게 몰입해서 봄,역사 사실 결말 알 그렇 깊 몰입 보,Tuesday,0.1,0.0,중립,0
2026-04-14,5.0,제 생각엔 최고의 영화예요. 모든 면이 다 마음에 들어요. 여러분 모두 인생에서 꼭 한 번은 보세요!!,생각 최고 영화 모든 면 다 마음 여러분 모두 인생 꼭 번 보,Tuesday,0.1366434239108448,2.0,긍정,1
2026-04-14,5.0,너무 잘했죠. 박지훈은 진짠데….,잘 하 박 지훈,Tuesday,0.0,1.0,긍정,1
2026-04-14,5.0,연기 너무 잘하네요~ 왕사남팀 화이팅입니다!,연기 잘 왕사남 팀 화이팅,Tuesday,0.1,1.0,긍정,1
2026-04-14,5.0,박지훈 연기가 계속 기억에 남네요.,박 지훈 연기 계속 기억 남,Tuesday,0.1,0.0,중립,0
2026-04-14,3.0,무난하면서도 먹을거리는 충분한 사극 한 편,무난 먹을거리 충분 사극 편,Tuesday,0.0,0.0,중립,0
2026-04-14,5.0,"단종 박지훈 배우 얼굴만 봐도 눈물이나요
단종 배우 캐스팅이 흥행 1등공신이라고 생각합니다.
과거에는 권력을 가지는 수양대군 시점의 사극만 많았는데
이제 실패했지만 정의로왔던 사람들에 대한 이야기가 많아지고 있어서 그점도 시사하는 바가 많다고 생각합니다.
역사는 승자의 기록이라고 하지만 
우리 모두가 불의를 기억하기를 멈추지 않는다면
의미 없는 일은 없다고 생각합니다.",단종 박지훈 배우 얼굴 보 눈물 나 단종 배우 캐스팅 흥행 공신 생각 과거 권력 가지 수양대군 시점 사극 많 이제 실패 정의 오 사람 대하 이야기 많 지 있 점 시사 바 많 생각 역사 승자 기록 하 우리 모두 불의 기억 멈추 않 의미 없 일 없 생각,Tuesday,0.1983944891376886,1.0,긍정,2
2026-04-12,5.0,유해진 유지태 연기도 좋았지만 아이돌인줄만 알았던 박지훈의 재발견,유해진 유지태 연기 좋 아이돌 줄 알 박지훈 재 발견,Sunday,0.1404769626093076,0.0,중립,0
2026-04-11,5.0,슬프고 감동적이에요,슬프 감동,Saturday,0.0,2.0,긍정,1
2026-04-11,4.0,내 주변의 사람들이 모두 비참해지는 것을 감당할 수 있을까,나 주변 사람 모두 비참 지 감당 있,Saturday,0.1,-2.0,부정,1
2026-04-11,3.5,멀티버스 세계관이 필요했던 건 마블이 아니라 이 쪽이었는데.,멀티버스 세계관 필요 마블 아니 쪽,Saturday,0.1,0.0,중립,0
2026-04-09,2.5,"단종의 인간다운 면모는 흐뭇하지만 엄흥도가 어떻게 임금으로, 사람으로 예를 다하게 되었는지 까지, 감정의 연결이 다소 아쉽다. 나쁜 영화는 아니나 훌륭한 영화 또한 아니다.",단종 인간 답 면모 흐뭇 엄 흥 어떻 임금 사람 예 다하 되 감정 연결 다소 아쉽 나쁘 영화 아니 훌륭 영화 또한 아니,Thursday,0.1901943094396386,0.0,중립,0
2026-04-09,2.0,설직히 이게 대체 왜 천만이넘는건지 이해불가 사도 같은 영화를 기대했는데 그냥 억지눈물호소영화임,설 직 히 이것 대체 왜 천만 넘 이해 불가 사 같 영화 기대 그냥 억지 눈물 호소 영화,Thursday,0.1,-1.0,부정,3
2026-04-08,3.0,캐스팅의 이유를 보여주는 캐릭터 활용과 뛰어난 연기력이 평범한 스토리가 바닥으로 떨어지지 않도록 멱살을 잡아준다.,캐스팅 이유 보이 주 캐릭터 활용 뛰어나 연기력 평범 스토리 바닥 떨어지 않 멱살 잡 주,Wednesday,0.0,2.0,긍정,1
2026-04-08,2.0,설득되지 않는 감정들을 따라갈 수 없었다.,설득 않 감정 따라가 없,Wednesday,0.0,0.0,중립,0
2026-04-08,3.0,효도템으로는 최고 하지만 나의 취향과는 거리가 먼.. 초반부 캐릭터가 너무 불호,효도템 최고 하지만 나 취향 거리 멀 초반부 캐릭터 불 호,Wednesday,0.0,2.0,긍정,1
2026-04-06,4.0,나도 펑펑 울고 싶었는데,나 펑펑 울 싶,Monday,0.0,0.0,중립,0
2026-04-04,4.0,이런 슬프고 화나는 스토리를 완벽한 스토리와 연기력으로 완성한 영화. 징짜 많이 울고 화냈더,이런 슬프 화나 스토리 완벽 스토리 연기력 완성 영화 징짜 많이 울 화내,Saturday,0.1,-1.0,부정,2
2026-04-01,4.0,적당히 재미있고 부모님 모시고 보러 가기 좋았다. 아이돌 팬으로서 데뷔 전부터 응원했던 지훈이가 연기를 너무 잘하고 존잘이라 더 볼 맛이 났다. 유해진님은 두말하면 입아프다 최고,적당히 재미 있 부모 모시 보 좋 아이돌 팬 데뷔 전 응원 지훈이 연기 잘 하 존잘 보 맛 나 유해진 두말 하 입 아프 최고,Wednesday,0.1404769626093076,6.0,긍정,5
2026-03-31,3.5,"호랑이가 막지 못한, 전 국민이 빠져든 두쫀쿠 같은 영화",호랑이 막 못하 전 국민 빠져들 두쫀쿠 같 영화,Tuesday,0.1,0.0,중립,0
2026-03-30,3.5,감정이 한 겹만 더 쌓였어도 슬픈 장면에서 그에 맞게 눈물 흘렸을텐데,감정 겹 쌓이 슬프 장면 맞 눈물 흘리 터,Monday,0.0,-1.0,부정,1
2026-03-30,3.0,깔끔한 한국형이 이런것인가. 역사라서 깔끔하게 넘어갈 수 있던것일까,깔끔 한국 이런 역사 깔끔 넘어가 있,Monday,0.1,0.0,중립,0
2026-03-30,3.0,알고 있는 과정과 결말속에서 배우들의 연기가 너무 훌륭한 탓에 절절한 감동을 느꼈다만 엄홍도와 단종의 서사 부족은 가릴 수가 없었다. 결국 뻔한 이야기였다.,알 있 과정 결말 속 배우 연기 훌륭 탓 절절 감동 느끼 말 엄홍도 단종 서사 부족 가리 없 결국 뻔하 이야기,Monday,0.1724096436679511,1.0,긍정,2
2026-03-30,3.0,원초적인 개그씬이 많음 솔직히 웃김 머리로는 별로 안슬펐는데 두 주연배우 연기에 동화됐는지 그냥 눈물 죽죽나옴 하.. 단종..,원초 개그 씬 많 솔직히 웃기 머리 별로 안 슬프 두 주연 배우 연기 동화 그냥 눈물 죽죽 나오 하 단종,Monday,0.1724096436679511,-1.0,부정,1
2026-03-30,4.0,"1500만을 달성할 정도로 잘 만든 영화는 아니지만, 이런 시기에 남녀노소 모두 가볍게 웃으면서 즐길 수 있을만한 영화를 만든다는 건 엄청난 업적이라 생각한다.",만 달성 정도 잘 만들 영화 아니 이런 시기 남녀노소 모두 가볍 웃 즐기 있 만 영화 만들 엄청나 업적 생각,Monday,0.1720742320188922,2.0,긍정,2
2026-03-29,3.0,어떤 죽음은 삶보다 숭고하다,어떤 죽음 삶 숭고,Sunday,0.0,-1.0,부정,1
2026-03-28,4.5,"역사적 사실이란 큰 스포에도 불구하고 스토리와 진행이 빈틈없고 재미있었다. 
탁월한 연기가 주는 몰입이 좋았다.",역사 사실 크 스포 불구 스토리 진행 빈틈 없 재미 있 탁월 연기 주 몰입 좋,Saturday,0.1404371248294995,1.0,긍정,2
2026-03-27,2.5,배우들 연기는 지리지만 그 이상 없다,배우 연기 지리 이상 없,Friday,0.141311923758918,0.0,중립,0
2026-03-25,3.0,난 괜춘,나 괜 춘,Wednesday,0.0,0.0,중립,0
2026-03-25,4.0,마냥 어린 아이가 무슨 죄가 있길래 그런 일들을 겪었을까 ...,마냥 어리 아이 무슨 죄 있 그런 일 겪,Wednesday,0.0,-2.0,부정,1
2026-03-24,3.0,"관객수 1300만이 넘었다는 소식을 듣고 관람하였으나 돌아오는 길 택시기사도, 아들도 보지 않았다. 소외된 역사적 인물과 영화적 상상력을 아주 영리하게 잘 버무렸다.",관객 만 넘 소식 듣 관람 돌아오 길 택시 기사 아들 보 않 소외 역사 인물 영화 상상력 아주 영리 잘 버무리,Tuesday,0.1396861576707047,-1.0,부정,2
2026-03-24,2.5,평론가병 걸린게 아니고 그냥 재미가 없는 걸 어떡함,평론가 병 걸리 아니 그냥 재미 없 어떡하,Tuesday,0.1,0.0,중립,2
2026-03-24,5.0,외롭고 악하고 의롭다,외롭 악 의롭,Tuesday,0.0,0.0,중립,0
2026-03-22,4.5,연시은을 잊게 할 정도의 연기력,연시 잊 하 정도 연기력,Sunday,0.0,0.0,중립,0
2026-03-22,3.0,"전개가 아쉬웠지만 두 주연의 연기만으로 이 영화 끌고가는 게 크
마지막 씬은 '미스터선샤인' 마지막 기차씬의 이병헌이 떠오르는 연기였다
이런 사극 감정 느끼고 싶다면  '천문'강추",전개 아쉽 두 주연 연기 영화 끌 크 마지막 씬 미스터선샤인 마지막 기차 씬 이병헌 떠오르 연기 이런 사극 감정 느끼 싶 천문,Sunday,0.1326918795343638,0.0,중립,0
2026-03-22,0.5,"이상하리만큼 한국 여자들이 좋아 죽는다, 안보는걸 추천한다",이상 한국 여자 좋 죽 안 보 추천,Sunday,0.0,0.0,중립,0
2026-03-22,3.0,"유해진의 눈물과 박지훈의 눈빛이 모든 아쉬움을 집어삼키고, 역사가 가진 힘과 보편적 위로를 남긴다.",유해진 눈물 박 지훈 눈빛 모든 아쉬움 집어삼키 역사 가지 힘 보편 위로 남기,Sunday,0.1414209199494193,-2.0,부정,2
2026-03-22,1.5,"혼신의 연기를 비웃는 듯한, 낡고 고리타분한 영화의 뼈대.",혼신 연기 비웃 듯 낡 고리타분 영화 뼈대,Sunday,0.1413068542326407,0.0,중립,0
2026-03-22,4.0,CG얘기가 많아서 걱정 좀 하고 봤는데 CG가 그렇게 막 거슬리지는 않음. 내용이랑 별로 연관도 없음. 역사적인 스토리를 알고 봐도 가슴이 미어지는 내용이였음,얘기 많 걱정 하 보 그렇 막 거슬리 않 내용 별로 연관 없 역사 스토리 알 보 가슴 미어지 내용,Sunday,0.1,-2.0,부정,1
2026-03-21,5.0,감동 인생작입니다,감동 인생 작,Saturday,0.0,2.0,긍정,1
2026-03-21,2.0,"시기를 놓쳤고, 시기를 잡았다",시기 놓치 시기 잡,Saturday,0.0,0.0,중립,0
2026-03-21,3.0,할 수 있는 것을 할 수 있는 만큼 해냈다. 그렇게만 해내면 기꺼이 박수 받을 수 있다.,하 있 하 있 만큼 해내 그렇 하 내 기꺼이 박수 받 있,Saturday,0.0,0.0,중립,0
2026-03-21,5.0,"배우들의 연기가 진짜 최고였어요~~ 
오랜만에 눈물 콧물 다 짜고 본 영화입니다..
n번째 봐도 감동이네요",배우 연기 최고 오랜만 눈물 콧물 다 짜 보 영화 번째 보 감동,Saturday,0.1728406701395028,3.0,긍정,3
2026-03-21,3.0,뻔한 스토리의 나를 사지못한 영화,뻔 스토리 나 사 못하 영화,Saturday,0.1,0.0,중립,0
2026-03-21,3.0,"눈시울을 붉히기에 충분했던 그 눈빛, 그 온기.",눈시울 붉히 충분 눈빛 온기,Saturday,0.0,0.0,중립,0
2026-03-20,3.5,"배우들 연기는 최고였는데, 엄흥도와 이홍위의 감정선이 좀 부족했던 느낌?

그리고 뭔가 더 킥이 더 있었을 줄 알았는데, 하나밖에 없었던 게 아쉬웠음

아,, 한명회가 이수지 닮았는 거 듣고 봐서 그런가 진지한 부분에서 너무 힘들었음

- 네 이놈!!",배우 연기 최고 엄 흥 이홍 위 감정 선 부족 느낌 그리고 뭐 킥 있 줄 알 하나 없 아쉽 한명회 이수지 닮 듣 보 그렇 진지 부분 힘들 이놈,Friday,0.141311923758918,-1.0,부정,3
2026-03-20,3.0,한정판 밤티 호랑이 joat,한정판 밤티 호랑이,Friday,0.0,0.0,중립,0
2026-03-20,3.5,배우들의 연기력이 영화를 이끌어 갔다,배우 연기력 영화 이끌,Friday,0.140976537461733,0.0,중립,0
2026-03-20,2.0,나오려던 눈물이 쏙 들어가는 허망한 연출. 배우들의 열연을 넘어선 묘기에 가까운 연기가 모든 씬을 이끌어 간다.,나오 눈물 쏙 들어가 허망 연출 배우 열연 넘어서 묘기 가깝 연기 모든 씬 이끌,Friday,0.1721087005378225,-1.0,부정,1
2026-03-19,2.5,잘 봐줘야 평작. 관람객기록은 감독님의 운이자 복이다.,잘 보 주 평 작 관람객 기록 감독 운 복,Thursday,0.0,2.0,긍정,2
2026-03-19,2.5,"소재의 힘과 시기의 마법, 될 영화는 하늘이 돕는다.",소재 힘 시기 마법 되 영화 하늘 돕,Thursday,0.1,0.0,중립,0
2026-03-19,3.0,"영화관 티켓값이 부담스럽게 된 현재 시점 다시는 못 볼 것 같았던 천만 관객, 그 어려운 걸 해낸 영화 [왕사남]을 보고 왔습니다.
계유정난(癸酉靖難) 이후 왕위에서 쫓겨나 유배를 간 단종의 마지막을 다룬 이야기로
몇 자 안되는 짤막한 기록이지만 영화적 상상력을 채워 넣음으로써 새로운 해석과 접근을 이뤄낸 작품입니다.

단종, 그러니까 쫓겨난 왕 노산 '이홍위'와 강원도 영월의 산골마을 촌장 '엄흥도'의 각별한 군신관계의 흐름과 변화에 집중하고 있습니다.
같이 밥 먹는 식구라는 의미가 남다른 우리 민족의 정서를 활용, 가난한 마을 주민들과 밥을 나눠먹고 소통하는 친근하고 소탈한 왕의 모습을 연출함으로써
세종대왕님의 애민(愛民) 정신이 손자인 단종에게까지 이어졌다면... 이란 창작에 기반하지만 따듯한 온정의 인간미 넘치는 단종을 그려내고 있습니다.
사극의 형태를 갖추었지만 사람 냄새 풀풀 풍기는 휴머니즘 드라마란 것이지요.

배우 박지훈의 전매특허 눈빛 연기가 돋보이는 단종입니다.
'프로듀스 101' 출신 아이돌의 어엿한 연기자로서의 성장에 기특해하는 팬들이 꽤 많아 보이는 것이 흥행의 원동력이 된 것 같습니다.
출연작을 많이 보진 못했지만 인물의 성격과 깊은 감정 표현이 꽤 인상적이라 앞으로도 기대되는 배우입니다.

계유정난을 다룬 영화 [관상]의 '한명회'와 비슷한 성격, 잔혹하면서도 능수능란한 책사의 이미지를 갖지만 전혀 새로운 한명회를 연기한 배우 유지태, 여전히 악역에서도 빛나는 연기력이고요.
못생기고 삐딱한 이미지가 아닌 훤칠하고 번듯한 이미지가 오히려 '압구정 한명회'의 고증에 더 맞다고 합니다.

무엇보다 이 영화의 가장 큰 역할을 한 주인공은 엄흥도를 연기한 배우 유해진입니다.
한없이 얕고 잔망스럽다가도 깊을 땐 어디까지 인지도 모를 깊이 있는 감정을 보여주는 모습이 역시 대배우 답습니다.
인간미 넘치는 친근한 이미지로 찰진 말맛의 대사들을 다시 한번 쏟아냅니다. 본인의 뛰어난 그 강점을 정말 잘 살려 그가 아니고서는 상상할 수 없는 그런 인물의 완성이 아니었나 생각합니다.

전반적으로 정말 빼어난 완성도의 작품인가...에 대해선 조금 아쉽습니다.
일단 그렇게 화려한 점은 없다시피한 작품입니다.
액션이 없는 건 아니지만 그게 중심이 되는 것도 아니고 얼마 안 들어간 CG 조차 어색하다고 혹평을 받기도 했으니까요. 개인적으로 호랑이보단 노루가 더 어색하긴 했는데 어쨌든 그렇게 신경 쓰일만한 장면도 아니고 이후 2차 시장에선 수정한다고 합니다.

화려하기보단 수수하고, 짜임새가 탄탄하다기보단 둥글둥글합니다. 과감한 도전이라고 해봐야 호랑이 정도가 아닐까... 전작인 [리바운드]도 그랬지만 뭔가 힘을 들인 연출은 좀 엉성한 감이 있습니다.
그 외엔 상당히 안정적인 길을 택하고 있어 전반적으로 무난한 완성도라 여겨집니다.
천만 관객에 어울리는 완성도인가에 대해서는... 천만 관객은 그 자격을 따지기보다는 많이 봤다는 사실에 중점을 두는 게 맞다고 생각합니다.
시기적절한 개봉 운도 좋았고요 그동안 장항준 감독이 쌓은 덕을 보답받는 시간이 아닐까 생각합니다.

이러저러한 역사적 해석과 창작의 영역을 감독 특유의 둥글둥글 함으로 모나지 않게 잘 버무린 작품, 
역사적 사실에서 벗어날 수는 없지만 어쨌든 ""만약에...""란 가정을 중간중간에 넣을 수 있었던 장 감독의 이야기꾼의 면모를 확인할 수 있었습니다.
덕분에 많은 이들에게 화젯거리가 되어 역사에 관심을 갖는 사람도 많아지고, 가기도 힘든 청령포에 관광객도 폭증했다 하니
이걸로 어린 나이에 비극 속에서 생을 마감할 수밖에 없었던 단종의 한을 이제 풀 수 있지 않을까요?",영화관 티켓 값 부담 스럽 되 현재 시점 다시 못 보 같 천만 관객 어렵 해내 영화 왕 사 남 보 오 계유정난 이후 왕위 쫓겨나 유배 단종 마지막 다루 이야기 몇 자 안 되 짤막 기록 영화 상상력 채우 넣 새롭 해석 접근 이루 내 작품 단 종 그러니까 쫓겨나 왕 노산 이홍위 강원도 영월 산골 마을 촌장 엄 흥 각별 군신 관계 흐름 변화 집중 있 같이 밥 먹 식구 의미 남다르 우리 민족 정서 활용 가난 마을 주민 밥 나누 먹 소통 친근 소탈 왕 모습 연출 세종 대왕 애민 정신 손자 단종 이어지 창작 기반 따듯 온정 인간미 넘치 단종 그리 내 있 사극 형태 갖추 사람 냄새 풀풀 풍기 휴머니즘 드라마 배우 박지훈 전매특허 눈빛 연기 돋보이 단종 프로듀스 출신 아이돌 어엿 연기자 성장 기특 하 팬 꽤 많 보이 흥행 원동력 되 같 출연작 많이 보 못 하 인물 성격 깊 감정 표현 꽤 인상 앞 기대 배우 계유정난 다루 영화 관 한명회 비슷 성격 잔혹 능수능란 책사 이미지 갖 전혀 새롭 한명회 연기 배우 유지태 여전히 악역 빛나 연기력 요 못생기 삐딱 이미지 아니 훤칠 번듯 이미지 오히려 압구정 한명회 고증 맞 하 무엇 영화 가장 크 역할 하 주인공 엄흥도 연기 배우 유해진 한없이 얕 잔망 스럽 깊 때 어디 모르 깊이 있 감정 보이 주 모습 역시 대 배우 답 인간미 넘치 친근 이미지 찰지 말 맛 대사 다시 번 쏟 내 본인 뛰어나 강점 잘 살리 아니 상상 없 그런 인물 완성 아니 생각 전반 빼어나 완성도 작품 대하 조금 아쉽 일단 그렇게 화려 점 없 하 작품 액션 없 아니 그것 중심 되 아니 얼마 안 들어가 어색 혹평 받 하 개인 호랑이 노루 어색 하 어쨌든 그렇 신경 쓰이 만 장면 아니 이후 차 시장 수정 하 화려 수수 짜임새 탄탄하 둥글둥글 과감하 도전 하 보 호랑이 정도 아니 전작 리바운드 그렇 뭐 힘 들이 연출 엉성 감 있 외 상당히 안정 길 택하 있 전반 무난하 완성도 여기 지 천만 관객 어울리 완성도 대하 천만 관객 자격 따지 많이 보 사실 중점 두 맞 생각 시기적절 개봉 운 좋 동안 장항준 감독 쌓 덕 보답 받 시간 아니 생각 이러저러 역사 해석 창작 영역 감독 특유 둥글둥글 모나 않 잘 버무리 작품 역사 사실 벗어나 없 어쨌든 만약 가정 중간 중간 넣 있 장 감독 이야기 면모 확인 있 덕분 많 화젯거리 되 역사 관심 갖 사람 많 지 힘들 청령포 관광객 폭증 하 걸 어리 나이 비극 속 생 마감 없 단종 이제 풀 있 않,Thursday,0.2731049856095141,8.0,긍정,19
2026-03-18,4.5,생각보다 짧았지만 재밌었음,생각 짧 재밌,Wednesday,0.1,0.0,중립,0
2026-03-18,5.0,최근에 봤던 영화 중 제일 재밌었다.,최근 보 영화 중 제일 재밌,Wednesday,0.1,0.0,중립,0
2026-03-18,4.0,"8.6/살기 위해 왕을 살린 남자, 살려내기 위해 왕을 죽인 남자.
/
왕과의 겸상, 왕과의 담소, 왕과의 동행, 왕과 그야말로 먹고 살았던 어느 산골 마을의 백성들. 자신과 마을 사람들이 살아야 하니 얼결에 왕을 구했고, 끝내 죽을 수밖에 없었던 왕의 뜻, 정신, 의지라도 살려내기 위해 감히 왕을 죽였던, 왕과 살았던 한 남자.
/
유지태가 연기하는 한명회의 묵직한 등장과 함께 어린 단종의 상황이 여실히 드러나는 오프닝이 꽤나 강렬한 첫인상을 남겼음. 신하들의 비명과 절규가 울려퍼지는 와중에 신하의 자리에 선 한명회의 위압적이고 위협적인 풍채와 낮게 깔리는 목소리가 왕의 자리에 위태롭게 앉아있을 뿐인 어린 단종을 향하는데, 예를 갖추고는 있으나 그 안에 묵직한 철퇴가 숨어있는 듯했고, 두려움에 떠는 단종의 눈빛은 마치 날아오는 철퇴를 맨몸으로 받아내고 있는 느낌이었음.
/
강렬한 첫인상을 남긴 오프닝 이후로 분위기가 확 전환되며 유해진을 중심으로 한 마을 사람들과의 코미디 파트가 이어지고, 중간중간 유배를 떠나는 단종의 모습을 담은 우울하고 서글픈 장면들이 교차됨. 한껏 비장하고 무거운 장면 직후에 이어진 코미디였으나 유해진이 등장하자마자 전력을 다해서 웃겨주기에 금방 코미디 파트 및 마을 사람들의 이야기에 적응하고 몰입할 수 있었음.
/
그렇게 비극과 희극이 교차해가는 초반부를 지나 마침내 엄홍도와 단종이 만나게 되고, 한동안 서먹하다가 이내 단종과 마을 사람들이 유대를 쌓아가는 과정을 비교적 전형적인 그림들로 연출하는데, 사실 클리세들을 큰 고민 없이 따르는 편이었지만, 배우들이 워낙에 잘 살려줬고, 보고 있기에 정겨우면서 따듯했기에 딱히 단점으로 느껴지지 않았음. 오히려 영화를 보면서 가장 보기 좋고 기억에 남는 장면들 중 하나였음. 허나 금성대군과 단종이 의기투합을 결심하고 한명회와 본격적으로 대립하기 시작하는 후반부에 접어들면서는 다소 급하게 흘러간단 느낌을 받았음. 아직 단종과 마을 사람들의 모습을 좀 더 보여줘도 될 것 같은데 어서 빨리 예정된 역사적 결말에 이르고자 필요 이상으로 속도를 내며 중간과정까지 건너뛰는 느낌이었음. 물론 그러다 끝내 도달한 엔딩에선 배우들이 신파를 넘어서는 격정적인 감정을 뿜어내줬기에 첫인상에 이어 끝인상도 충분히 긍정적일 수 있었음. 뭔가 전반적으로 클리셰고 뭐고를 크게 신경쓰지 않은 채로 평이하게 기본만을 담아서 만든 영화란 생각이 들었고, 이야기와 연출에 있어서 아쉬움이 보이긴 했지만 그렇다고 치명적인 오류까진 아니었던 데다, 배우들의 연기가 충분히 부족함을 채워주기에 재미가 없다거나 못 만든 영화란 생각은 들지 않았음.
/
매우 준수한 유해진 활용 능력을 보여준 영화였음. 최고 수준의 코미디 연기부터 감정선 듬뿍 담긴 드라마까지 자유자재로 오가며 극 전반에 걸쳐 눈부신 활약을 펼쳐줬음. 유해진 배우는 핏대 세우고 얼굴이 시뻘게지도록 흥분해서 봇물 터지듯 입이 쉬지 않고 움직이며 오버스럽게 대사를 뱉어내거나 혹은 뱁새눈을 하고 뾰루퉁해져서는 궁시렁궁시렁 투덜거리는 코믹 연기에서 그 누구보다 진가를 발휘한다고 생각하는데, 그런 모습들을 영화 속에서 실컷 볼 수 있었으니 코미디 파트는 충분히 성공적일 수 있었음. 근데 그러면서도 감정선을 드러낼 땐 거의 홍수가 나듯 장면 전체를 아예 그의 감정으로 채워버리는데, 이게 결코 과하게 느껴지지가 않았고, 오히려 이야기와 연출의 빈 틈마저 메워주기까지 했음. 하여튼 주조연급 배우들 전반이 제 몫을 충분히 해내는 와중에도 유해진 배우는 특히 더 없어서는 안 될 값진 활약을 보여주며 극을 캐리해줬음.
/
호랑이에게도 일갈하며 단신으로 맞서는 왕의 기세와 역사의 희생양으로서의 처연함을 감쪽같이 오가며 호연을 펼쳐준 박지훈 배우의 연기가 인상적이었음. 깊이를 가늠할 수 없는 슬픔과 아픔이 기본적으로 탑재된 우수에 찬 눈망울을 가졌기에 슬프고 힘들 때의 모습은 가히 본연이라 할 수 있었고, 도저히 기쁠 수가 없을 단종의 처지를 고려했을 때 웃고 떠들 때조차 한 켠에선 슬픔과 근심의 기운을 뿜어냈던 그의 눈빛은 정말이지 안성맞춤이었음. 소리내어 크게 웃을 때의 어색함마저도 단종의 상황을 고려해보면 오히려 자연스러움에 가까워 보였고, 그런 와중에도 이따금씩 보여준 날카롭고 우렁찬 호통 소리와 기백에선 또다른 거친 역할 또한 얼마든지 소화해낼 수 있겠다 싶은 가능성을 엿볼 수 있었음. 유지태 배우는 메인 빌런임에도 생각보단 등장이 적은 편이었으나, 그럼에도 첫인상을 책임져준 첫등장 이후 등장할 때마다 진하고 묵직한 카리스마를 선보였음. 심지어는 등장하지 않는 장면에서조차 그의 잔상과 잔향만으로 극에 위협적인 분위기가 조성되는 듯했음. 등장했을 때는 물론이고, 등장하지 않았을 때조차 존재감을 발휘한 케이스였음.
/
엄홍도의 아들 태산으로 나오는 김민 배우를 보고 처음엔 김성철 배우인 줄 알았음. 외모도 묘하게 비슷하고 목소리도 좀 비슷하게 들려서 잠시 동안 헷갈렸음. 장항준 감독의 영화 <리바운드>에서도 은근 인상을 남긴 배우였는데, 여기선 좀 더 진중하고 비중있는 역할을 맡아서 충분히 안정적으로 소화해줬음. 앞날이 더 기대되는 배우였음.
/
생각보다 전미도 배우의 역할이 미미해서 좀 의외였음. 따듯함과 냉철함을 동시에 품고 있으며, 신뢰가 가는 이미지와 연기력을 가진 배우이기에 박지훈, 유해진과의 감정적 유대 및 코미디 등의 케미를 기대했는데, 처음부터 끝까지 비슷한 모습들만 보여주다가 막판에만 감정을 살짝 터뜨려주고선 퇴장하고 말았음. 캐릭터 자체의 비중은 별 불만이 없지만, 전미도란 배우를 제대로 활용하진 못한 것 같단 생각이 좀 들었음.
/
<왕의 남자>와 <왕을 살린 남자>가 모두 천만관객을 달성했음. 어쩌다 보니 왕과 백성 간의 브로맨스를 다룬 사극 두 편이 흥행 초대박을 쳤는데, 한 쪽은 우정보다도 찐으로 로맨스를 담아낸 좁은 의미의 브로맨스이긴 했지만 어쨌든 2026년 3월 기준 천만관객을 달성한 네 편의 사극 중 무려 두 편이 왕을 주인공으로 한 브로맨스를 그리고 있으니 이 정도면 '브로맨스'가 사극 흥행의 공식이지 않을까 싶기도 함. 한편 여기에다 <광해, 왕이 된 남자>까지 포함하면 네 편의 사극 중 세 편의 제목에 '왕'과 '남자'라는 단어들이 키워드처럼 들어가있음. 만약 사극을 만드는 데 필히 흥행하고 싶다면 제목에라도 저 두 단어를 집어넣는 게 어떨까 싶음.
/
1000만이 훌쩍 넘은 시점에 뒤늦게 봐서 호랑이 cg를 수정할 거란 소식을 이미 접한 상태였는데, 그래서인지 초반과 중반에 호랑이가 등장했을 때 cg가 유독 어색하게 느껴졌고, 이 정도 규모의 작품에 저런 퀄리티의 cg가 포함돼 있단 게 좀 아쉽긴 했음.",살 위하 왕 살리 남자 살리 내 위하 왕 죽이 남자 왕 겸상 왕 담소 왕 동행 왕 그야말로 먹 살 어느 산골 마을 백성 자신 마을 사람 살 하 얼결 왕 구하 끝내 죽 없 왕 뜻 정신 의지 살리 내 위하 감히 왕 죽이 왕 살 남자 유지태 연기 한명회 묵직 등장 함께 어리 단종 상황 여실히 드러나 오프닝 꽤 강렬 첫 인상 남기 신하 비명 절규 울리 퍼지 와중 신하 자리 서 한명회 위압 위협 풍채 낮 깔리 목소리 왕 자리 위태 롭 앉 있 뿐 어리 단종 향하 예 갖추 있 안 묵직 철퇴 숨 있 듯 두려움 떠 단종 눈빛 마치 날아오 철퇴 맨 몸 받 내 있 느낌 강렬하 첫 인상 남기 오프닝 이후 분위기 확 전환 유해진 중심 하 마을 사람 코미디 파트 이어지 중간 중간 유배 떠나 단종 모습 담 우울 서글프 장면 교차 한껏 비장 무겁 장면 직후 이어지 코미디 유해진 등장 전력 다 웃기 주 금방 코미디 파트 마을 사람 이야기 적응 몰입 있 그렇 비극 희극 교차 초반부 지나 마침내 엄홍도 단종 만나 되 한동안 서먹 이내 단종 마을 사람 유대 쌓 과정 비교적 전형 그림 연출 사실 클리세 크 고민 없이 따르 편 배우 워낙에 잘 살리 주 보 있 정겹 따듯하 딱히 단점 느끼 지 않 오히려 영화 보 가장 보 좋 기억 남 장면 중 하나 허 금성대군 단종 의기 투합 결심 한명회 본격 대립 시작 후반부 접어들 다소 급하 흘러가 느낌 받 아직 단종 마을 사람 모습 보이 주 되 같 어서 빨리 예정 역사 결말 이르 필요 이상 속도 내 중간 과정 건너뛰 느낌 물론 그러 끝내 도달 엔딩 배우 신파 넘어서 격정 감정 뿜어내 주 첫 인상 잇 끝 인상 충분히 긍정 있 뭐 전반 클리셰 뭐 크 신경 쓰 않 채 평이 기본 담 만들 영화 생각 이야기 연출 있 아쉬움 보이 하 그렇 치명 오류 아니 데 배우 연기 충분히 부족 채우 주 재미 없 못 만들 영화 생각 않 매우 준수 유해진 활용 능력 보이 주 영화 최고 수준 코미디 연기 감정 선 듬뿍 담기 드라마 자유자재 오가 극 전반 걸치 눈부시 활약 펼치 주 유해진 배우 핏대 세우 얼굴 시뻘겋 지 흥분 봇물 터지 입 쉬 않 움직이 오버 스럽 대사 뱉 내 혹은 뱁새 눈 하 뾰루 퉁 지 궁시렁궁시렁 투덜거리 코믹 연기 누구 진가 발휘 생각 그런 모습 영화 속 실컷 보 있 코미디 파트 충분히 성공 있 근데 그러 감정 선 드러내 때 거의 홍수 나 장면 전체 아예 감정 채우 버리 이것 결코 과하 느끼 지 않 오히려 이야기 연출 비 틈 메우 주 하 하여튼 주 조연 급 배우 전반 몫 충분히 해내 와중 유해진 배우 특히 없 안 되 값지 활약 보이 주 극 캐리 하 주 호랑이 일갈 단신 맞서 왕 기세 역사 희생양 처연 감쪽같이 오가 호연 펼치 주 박지훈 배우 연기 인상 깊이 가늠 없 슬픔 아픔 기본 탑재 우수 차 눈망울 가지 슬프 힘들 때 모습 가히 본연 하 있 도저히 기쁘 없 단종 처지 고려 때 웃 떠들 때 켠 서 슬픔 근심 기운 뿜어내 눈빛 안성맞춤 소리 내 크 웃 때 어색 단종 상황 고려 보 오히려 자연 스럽 가깝 보이 그런 와중 이따금 보이 주 날카롭 우렁차 호통 소리 기백 또 다른 거칠 역할 또한 얼마 소화 내 있 싶 가능 엿보 있 유지태 배우 메인 빌 런 생각 등장 적 편 그렇 첫인상 책임지 주 첫 등장 이후 등장 때 진하 묵직 카리스마 선보이 심지어 등장 않 장면 잔상 잔향 극 위협 분위기 조성 듯 등장 때 물론 등장 않 때 존재감 발휘 케이스 엄홍도 아들 태산 나오 김민 배 우 보 처음 김성 철 배우 줄 알 외모 묘하 비슷 목소리 비슷하 들리 잠시 동안 헷갈리 장항준 감독 영화 리바운드 은근 인상 남기 배우 여기 진중 비중 있 역할 맡 충분히 안정 소화 주 앞날 기대 배우 생각 전 미 배우 역할 미미 의외 따듯 냉철 동시 품 있 신뢰 이미지 연기력 가지 배우 박지훈 유해진 감정 유대 코미디 케미 기대 처음 끝 비슷 모습 보이 주 막판 감정 살짝 터뜨리 주 퇴장 말 캐릭터 자체 비중 별 불만 없 전미도 배우 제대로 활용 못하 같 생각 왕 남자 왕 살리 남자 모두 천만 관객 달성 어쩌다 보 왕 백성 간 브로맨스 다루 사극 두 편 흥행 초 대 박 치 쪽 우정 찐 로맨스 담아내 좁 의미 브로맨스 하 어쨌든 년 월 기준 천만 관객 달성 네 편 사극 중 무려 두 편 왕 주인공 하 브로맨스 그리 있 정도 브로맨스 사극 흥행 공식 않 싶 하 한편 여기 광해 왕이 된 남자 포함 네 편 사극 중 세 편 제목 왕 남자 단어 키워드 들어가 있 만약 사극 만들 데 필히 흥행 싶 제목 두 단어 집어넣 어떻 싶 만 훌쩍 넘 시점 뒤늦 보 호랑이 수정 소식 이미 접하 상태 그렇 초반 중반 호랑이 등장 때 유독 어색 느끼 지 정도 규모 작품 저런 퀄리티 포함 있 하 아쉽 하,Wednesday,0.2725244561286535,9.0,긍정,36
2026-03-18,3.0,"배우들의 열연과 한국인 누구나 좋아할 소재, 이것만으로도 한번 이상 볼만하지만 가장 아쉬운건 밤티호랑이가 아니라 낡았다 싶게 느껴지는 대사가 불쑥 튀어나왔던 몇몇 장면이었다",배우 열연 한국인 누구 좋아하 소재 이것 번 이상 보 만 가장 아쉽 밤티호랑이 아니 낡 싶 느끼 지 대사 불쑥 튀어나오 몇몇 장면,Wednesday,0.1403172154023356,0.0,중립,0
2026-03-18,5.0,너무 너무 슬픈데 재미있다 다들 연기 작두 타심,슬프 재미있 다 연기 작두 타,Wednesday,0.1,0.0,중립,0
2026-03-18,5.0,"호랑이를 흐린 눈으로 보게 되게 되고 연기로 끝까지 멱살 잡고 가는,
비슷한 역할은 많이 해서 똑같을 것 같다는 예상을 부순, 진짜 유해진 배우를 다시 보게 만드는 작품",호랑이 흐리 눈 보 되 되 연기 끝 멱살 잡 비슷 역할 많이 하 똑같 같 예상 부수 유해진 배우 다시 보 만들 작품,Wednesday,0.1723711709775386,0.0,중립,0
2026-03-18,5.0,"<왕과 사는 남자>에서 유해진 배우님은 대단한 연기를  보여 주셔서 큰 감동 받았습니다.

100%라는 '만족'이라 감히 표현해도 되나...👍👍👍

유머러스한 캐릭터가 아니여도 배우 유해진님만의 장기를 시대극에 맞춰 조금씩 보여 준 점은,관람하는 동안  [믿•보•배] 란 말이 적절한 표현 일까요...? 🤔 
전혀 부담감 없이 편한 했어요.
그러나 이 안타깝고 슬픈 우리나라 (조선시대 때) 역사적 사실속 왕(이홍위)과 천민들 중 촌장인(엄흥도) 사이에서,신분차이 중요성은 크게 묘사 되지 않은 채 인간과 인간으로서 '죽음'과 강요된 왕의 '억울한 죽음을 감행'하는 촌장.
즉,제목 <왕과 사는 남자>가 뜻하는 바 대로 유배지에서 함께 도움과 인간성을 주고 받으며 살았던 두 인간(?) 사이의 짧은 경험은... 너무나 😢 너무나도 🥹 슬펐던 이야기 였네요.

😭 😭 😭 😭 😭 

마지막 장면,
촌장 엄흥도(유해진 배우役)의 비통한 심정을 표현한 표정과 처참한 듯한 눈물 연기는 울고 싶어질 정도로 매우 슬픈 최고의 연기 였습니다.

유명 영화관에서 확인한 2026년 천만명 관객들을 동원한 진짜 감동 최고의 한국영화,

<왕과 사는 남자>

소문대로 훌륭한 연기자들과 장항준 감독님,스크린의 영상등 후회 하나 없이 영화를 대만족하며 관람한 작품이라고 감히 평 하겠습니다.",왕 사 남자 유해진 배우 대단 연기 보이 주 크 감동 받 만족 감히 표현 되 유머러스 캐릭터 아니 배우 유해진 장기 시대극 맞추 조금 보이 주 점 관람 동안 믿 보 배 말 적절 표현 전혀 부담감 없이 편하 그러나 안타깝 슬프 우리 나라 조선 시대 때 역사 사실 속 왕 이홍위 천민 중 촌장 엄흥도 사이 신분 차이 중요 크 묘사 않 채 인간 인간 죽음 강요 왕 억울 죽음 감행 촌장 즉 제목 왕 사 남자 뜻 바 유배지 함께 도움 인간 주 받 살 두 인간 사이 짧 경험 너무나 너무나 슬프 이야기 마지막 장면 촌장 엄흥 유해진 배우 비통 심정 표현 표정 처참 듯 눈물 연기 울 싶 지 정도 매우 슬프 최고 연기 유명 영화관 확인 년 천만 명 관객 동원 감동 최고 한국 영화 왕 사 남자 소문 훌륭 연기자 장항준 감독 스크린 영상 후회 하나 없이 영화 대 만족 관람 작품 감히 평 하,Wednesday,0.227535924480947,9.0,긍정,12
2026-03-18,5.0,전 세대가 같이 보고 웃고 웃을 수 있는 영화. 보고나서 역사도 찾아보고 할말이 많아지는 영화였습니다. 배우들 연기 너무 좋다! 라고 말하기도 어려운게 그냥 빙의 수준으로 말아주심,전 세대 같이 보 웃 웃 있 영화 보 나 역사 찾아보 하 말 많 지 영화 배우 연기 좋 말 어렵 그냥 빙 수준 말 주,Wednesday,0.1938418165751447,0.0,중립,0
2026-03-17,3.0,호랑이는 별로였고 스토리는 무난했다. 볼영화가 없어 타이밍 좋게 무난한 영화로 잘나온듯하다,호랑이 별로 스토리 무난하 보 영화 없 타이밍 좋 무난 영화 잘 나오 듯,Tuesday,0.1,1.0,긍정,1
2026-03-17,5.0,"역사적 실화이기에 더 마음 아팠던, 어린 왕을 지켜내지 못한 어른들의 이야기.",역사 실화 마음 아프 어리 왕 지키 내 못하 어른 이야기,Tuesday,0.1,0.0,중립,0
2026-03-16,3.0,크게 모난데 없는 둥글둥글한 영화,크 모나 데 없 둥글둥글 영화,Monday,0.1,0.0,중립,0
2026-03-16,5.0,엉엉엉엉 단종ㅠㅠ 다들 연기 너무 잘하지만 박지훈이 이렇게 잘하는줄은 몰랐네.. 한명회 진짜 개표독하네,엉엉 엉엉 단종 다 연기 잘 박 지훈 이렇 잘 줄 모르 한명회 개 표독,Monday,0.140515656532162,2.0,긍정,2
2026-03-16,5.0,다 아는 스토리 다 아는 결말을 가지고 이렇게 만들 수 있다니. 연기력이 다 했다. 눈물이 나고 또 나고 그러다 가끔 웃고 근데 더 울고.,다 아 스토리 다 아 결말 가지 이렇 만들 있 연기력 다 눈물 나 또 나 그러 가끔 웃 근데 울,Monday,0.0,-1.0,부정,1
2026-03-16,3.0,"냉정하게 생각하면 전적으로 잘 만든 영화라 하기 어렵고 특히 각본에 있어선 아쉬운 구석이 적지 않았지만 마음을 움직이는 면이 있는 작품인 건 분명해 보였다. 만약 어떤 영화의 연출이 배우의 얼굴과 잠재력을 그 목적에 부합하게 최대한으로 이끌어내는 데 주안점을 두고자 했다면 <왕과 사는 남자>(2026)의 앵글은 제법 그 의도를 따른다. 최근에 쓰는 청탁 원고를 위해 <리바운드>(2022)를 시작으로 장항준 감독의 영화들을 찾아보기 시작했다. 나보다 뛰어난 영상 덕후이자 작가 친구가 ""적재적소에 촌스럽고, 쓸모없는 겉멋을 부리지 않는다""라고 코멘트해준 게 꽤나 적절하다고 생각했다. 틈만 나면 천둥 번개가 치는 대목이라든지, 개봉일자를 앞당긴 탓에 어딘가 이물감이 드는 호랑이의 질감이라든지, 어떤 상황을 가장하려 했지만 그 의도가 쉽게 상대에게 보이는 (작중) 연기라든지. 가끔은 그런 것들을 지나 미덕을 찾고 싶어지는 작품이 있다. 대형 히트작일수록 그 흥행과 작품성이 비교받고, 특히 엔터테인먼트로서 영화의 본분이나 미덕이 마치 서비스에 가까운 가성비의 영역처럼 쉽게 평가되는 요즘을 생각하면, 나는 스토리텔러의 진심을 좀 더 신뢰하려 하는 쪽이다. 가벼운 마음으로 극장을 나섰다. (2026.03.10.)",냉정 생각 전적 잘 만들 영화 하 어렵 특히 각본 있 아쉽 구석 적 않 마음 움직이 면 있 작품 분명 보이 만약 어떤 영화 연출 배우 얼굴 잠재력 목적 부합 최대한 이끌 내 데 주안점 두 하 왕 사 남자 앵글 제법 의도 따르 최근 쓰 청탁 원고 위하 리바운드 르 시작 장항준 감독 영화 찾아보 시작 나 뛰어나 영상 덕후 작가 친구 적재적소 촌 스럽 쓸모없 겉멋 부리 않 코멘트 주 꽤 적절 생각 틈 나 천둥 번개 치 대목 개봉 일자 앞당기 탓 어디 이물감 호랑이 질감 어떤 상황 가장 하 의도 쉽 상대 보이 작중 연기 가끔 그런 지나 미덕 찾 싶 지 작품 있 대형 히트작 흥행 작품 비교 특히 엔터테인먼트 영화 본분 미덕 마치 서비스 가깝 가성비 영역 쉽 평가 요즘 생각 나 스토리텔러 진심 신뢰 하 쪽 다 가볍 마음 극장 나서,Monday,0.1866482085877202,7.0,긍정,5
2026-03-16,4.0,두쫀쿠인줄 알았는데 안에는 카다이프가 아니고 소면임 근데 이거 왜 맛있어??,두쫀쿠 줄 알 안 카다이프 아니 소면 근데 이거 왜 맛있,Monday,0.1,0.0,중립,0
2026-03-16,3.0,매력적인 소재와 출중한 연기력,매력 소재 출중 연기력,Monday,0.0,0.0,중립,0
2026-03-15,4.0,"장항준 감독님 축하합니다 😄
눈빛좋은 박지훈배우도 인상적이였고
극의 시작과 정점 모두에 유해진배우가 있었네요
눈물을 주체할 수 없던 슬픔은 오랜만이네요.",장항준 감독 축하 눈빛 좋 박지훈배우 인상 극 시작 정점 모두 유해진 배우 있 눈물 주체 없 슬픔 오랜만,Sunday,0.1410024579913245,-1.0,부정,3
2026-03-15,5.0,가슴절절...먹먹..안스럽다.,가슴 절절 먹먹 안스럽,Sunday,0.0,0.0,중립,0
2026-03-15,3.5,단순하고 재미있는 이야기 전달로 남녀노소 모두가 즐길 수 있는 역사 영화였다 단종에 슬픈 눈빛이 기억에 남는다,단순 재미있 이야기 전달 남녀노소 모두 즐기 있 역사 영화 단종 슬프 눈빛 기억 남,Sunday,0.1715410095998163,0.0,중립,0
2026-03-14,5.0,효도템 가볍게 보러가서 눈물 흘리면서 나옴,효도 터 가볍 보 눈물 흘리 나오,Saturday,0.0,-1.0,부정,1
2026-03-14,3.5,노산군이 청령포 갈 때까지는 꽤 신선했는데 이후는 좀 쉽게 간거 같아 아쉬웠음. 하지만 소재나 배우들의 연기나 천만달성 못할 영화까진 아님,노산 군 청령포 때 꽤 신선 이후 쉽 같 아쉽 하지만 소재 배우 연기 천만 달성 못 하 영화 아니,Saturday,0.1974103037445798,0.0,중립,1
2026-03-14,3.0,여러모로 부족한 단점을 채워주는 배우들의 열연.,여러모로 부족 단점 채우 주 배우 열연,Saturday,0.1,-1.0,부정,1
2026-03-14,1.5,재기발랄하던 라이터의 불꽃이 내 돈과 시간을 태울 줄 이야,재기 발랄 라이터 불꽃 나 돈 시간 태우 줄,Saturday,0.0,0.0,중립,0
2026-03-13,2.5,올드한 연출. 근데 이게 먹혀?,올드 연출 근데 이것 먹히,Friday,0.1,0.0,중립,0
2026-03-13,5.0,결말이 정해져 있는게 너무나 안타까웠던..,결말 정하 지 있 너무나 안타깝,Friday,0.0,0.0,중립,0
2026-03-13,3.0,"기대를 너무 했다
그렇지만 나쁘진 않았다",기대 하 그렇지만 나쁘 않,Friday,0.0,1.0,긍정,1
2026-03-11,4.5,왜 다시 영화관 가서 보려고 하는지 알 수 있는 영화.,왜 다시 영화관 보 하 알 있 영화,Wednesday,0.1,0.0,중립,0
2026-03-11,3.5,개봉 첫날에 본 영화.. 다 알고 보는 이야기이지만 나쁘지는 않았다,개봉 첫날 보 영화 알 보 이야기 나쁘 않,Wednesday,0.1,0.0,중립,0
2026-03-11,3.0,좋았던 소재와 빠져들었던 박지훈 배우의 연기. 정말 잘 하더라. 그럼에도 묘하게 촌스러운 연출과 이 소재를 더 잘 풀어낼 수 있었을 텐데 하는 아쉬움이...,좋 소재 빠져들 박지훈 배우 연기 잘 하 그렇 묘하 촌 스럽 연출 소재 잘 풀어내 있 터 하 아쉬움,Wednesday,0.1721087005378225,1.0,긍정,3
2026-03-11,4.5,유해진연기 개잘하네,유해진 연기 개 잘 하,Wednesday,0.1404769626093076,1.0,긍정,1
2026-03-11,3.5,슬프긴 슬픈데 천만은 아닌 것 같다,슬프 슬프 천 아니 같,Wednesday,0.1,0.0,중립,0
2026-03-11,4.5,볼때마다 들어갈땐 관객으로 나올땐 오열하며 백성으로 나오게 되는 이 영화의 유일한 오점은 호랑이cg가 아닌 범죄자캐스팅. 그래도 흐린눈하고 봐줄 정도로 박지훈이 너무 단종 그 자체,보 때 들어가 때 관객 나오 때 오열 백성 나오 되 영화 유일 오점 호랑이 아니 범죄자 캐스팅 그래도 흐리 눈 봐주 정도 박 지훈 단종 자체,Wednesday,0.1708676168137821,-1.0,부정,2
2026-03-10,2.5,마지막에 신파 지루해서 영화관을 뛰쳐나가고 싶었다.,마지막 신파 지루 영화관 뛰쳐나가 싶,Tuesday,0.0,-1.0,부정,1
2026-03-10,3.0,스토리는 단순하지만 연기가 좋음,스토리 단순 연기 좋,Tuesday,0.1,0.0,중립,0
2026-03-10,3.0,유치한 유머로 겉돈다.,유치 유머 겉돌,Tuesday,0.0,0.0,중립,0
2026-03-10,0.5,훨씬 무겁게 그렸음 좋았을것을..,훨씬 무겁 그리 좋,Tuesday,0.0,0.0,중립,0
2026-03-09,2.5,과하진 않은 슴슴한 맛,과하 않 슴슴하 맛,Monday,0.0,0.0,중립,0
2026-03-09,5.0,"극장에서 네 번이나 봤다. 사람들이 아쉬워하는 지점을 공감하기도 하지만, 그보다 여운을 주는 연기와 따뜻한 시선이 더 깊게 박힌다. 엄흥도, 이홍위는 무조건 이 둘이어야만 했다.",극장 네 번 보 사람 아쉬워하 지점 공감 하 여운 주 연기 따뜻 시선 깊 박히 엄흥 이홍위 무조건 둘 하,Monday,0.1393450919433425,0.0,중립,0
2026-03-09,3.5,신파나 화제성에만 빚진 영화로 폄하될 영화는 절대 아니고 단단한 디테일과 중심 잡힌 플롯을 각본에 정성스레 담아낸 웰메이드 사극 영화.,신파 화제 빚지 영화 폄하 영화 절대 아니 단단하 디테일 중심 잡히 플롯 각본 정성스레 담 내 웰 메이드 사극 영화,Monday,0.1342819890472751,1.0,긍정,1
2026-03-08,3.0,"배우들 연기도 소재도 좋았는데 솔직하게 말하면 연출이 다소 아쉬웠어요. 몇번 본듯한 영화,연출 느낌을 지울수 없음.",배우 연기 소재 좋 솔직 말 연출 다소 아쉽 몇 번 보 듯 영화 연출 느낌 지우 없,Sunday,0.1791338561313655,0.0,중립,0
2026-03-08,4.0,오우 1000만인 이유를 알겠음 내용도 너무 좋았고 특히 배우분들의 연기가 너므 놀라웠음 근데 오열할 정도로 슬픈 건 아님,만 이유 알 내용 좋 특히 배우 분 연기 너 므 놀랍 근데 오열 정도 슬프 아니,Sunday,0.1713840029050822,0.0,중립,0
2026-03-08,4.5,꾹꾹 눌러 담은 감정들이 면면으로 터져 나온다,꾹꾹 누르 담 감정 면면 터지 나오,Sunday,0.0,0.0,중립,0
2026-03-08,5.0,영화관에서 보면서 눈물 줄줄 흘리며 봤다. 연출적인 부분이나 CG 부분은 더 손봤으면 좋았겠지만 연기나 스토리 전개가 충분히 몰입할 수 있었기에 재미있게 봤다.,영화관 보 눈물 줄줄 흘리 보 연출 부분 부분 손 보 좋 연기 스토리 전개 충분히 몰입 있 재미있 보,Sunday,0.1402197303686017,0.0,중립,2
2026-03-08,4.0,명작은 아니지만 웃음 포인트 많고 연기가 정말 훌륭하고 담백하고 재미있게 볼 만한 영화다.,명작 아니 웃음 포인트 많 연기 훌륭 담백 재미있 보 만 영화,Sunday,0.1702734039490874,0.0,중립,0
2026-03-08,5.0,단종이 잡히고 밤에 다시 만났을 때 다들 울고싶지만 소리내서 울지 못하고 마음으로만 삼키는 장면이 너무 찡해서 처음으로 영화보다가 눈물이 흐르더라고요,단종 잡히 밤 다시 만나 때 다 울 싶 소리 내 울 못하 마음 삼키 장면 찡 처음 영화 보 눈물 흐르,Sunday,0.1397886371745262,-1.0,부정,1
2026-03-08,5.0,영화표값이 아깝지 않았던 작품,영화표 값 아깝 않 작품,Sunday,0.0,0.0,중립,0
2026-03-07,2.0,솔직히 유해진이 캐리함 천만영화는 아닌듯,솔직히 유해진 캐리 함 천 영화 아니 듯,Saturday,0.1708591392795246,1.0,긍정,1
2026-03-07,5.0,별점테러는 영화는 보고 하는건가?,별점 테러 영화 보 하,Saturday,0.1,0.0,중립,0
2026-03-07,0.5,대체 언제적 연출력,대체 언제 연출력,Saturday,0.0,0.0,중립,0
2026-03-07,3.5,뒤늦게 천만관객에 합류하게 되었는데 연기들을 너무 잘하네요 단종에 관한 이야기는 어느정도 알고 있었지만 그럼에도 불구하고 안타깝고 슬프고 .. 찡했습니다,뒤늦 천만 관객 합류 되 연기 잘 단종 관하 이야기 어느 정도 알 있 그렇 불구 안타깝 슬프 찡,Saturday,0.140515656532162,1.0,긍정,1
2026-03-07,3.5,’관객으로 들어가서 백성으로 나온다’라는 말이 이 영화의 한 줄 요약으로 딱이었다,관객 들어가 백성 나오 말 영화 줄 요약 딱,Saturday,0.1,0.0,중립,0
2026-03-07,3.5,이래도 안 울어?,이렇 안 울,Saturday,0.0,0.0,중립,0
2026-03-07,4.0,배우들 연기가 좋았음,배우 연기 좋,Saturday,0.141311923758918,0.0,중립,0
2026-03-07,5.0,너무 제미있고 슬퍼여,제미 있 슬프,Saturday,0.0,0.0,중립,0
2026-03-06,3.5,금성대군이 뭐라도 할꺼 같았는데 미모만 뽐내다 가셨음,금성대군 뭐 하 꺼 같 미모 뽐내,Friday,0.0,0.0,중립,0
2026-03-06,3.0,평범한 게 제일 어렵다,평범 제일 어렵,Friday,0.0,0.0,중립,0
2026-03-06,1.5,"그냥.. 너무 큰 충격을 받았다. 어떻게 영화를 이렇게 못 만들었을까. 연출력이라고 부를 수 있는 것이 전혀 없는 퀄리티의 영상물이었다. 편집은 또 어떤지 장면이 뚝뚝 끊기고, 음악은 어쩜 그렇게 촌스러운지. 코미디를 의도한 장면과 대사들은 그럭저럭 괜찮았는데 정치 얘기만 나오면 너무 유치해졌다. 잘못된 역사를 바라잡아야 한다느니, 백성을 위해서 싸우겠다느니. 하.. 진짜 수준이 왜 이러냐. 어차피 픽션으로 갈 거였으면 차라리 이홍위가 군주제 자체에 환멸을 느끼고 모두가 ""공평한 기회""를 받을 수 있는 입헌 민주주의 사회 건립을 위해서 싸우는 걸로 가든가. 결국에는 측근들과 함께 본인 왕위를 되찾는 게 목표였잖아. 이게 대체 뭐야.

인간 이홍위를 생각하면 당연히 안타깝다. 어린 나이에 아버지를 잃고, 자기 편이 되어주어야 할 삼촌의 야욕으로 억울하게 쫓겨나서 비참한 최후를 맞이했으니. 근데 이 영화 속의 이홍위는 좀.. 일단 캐릭터성이라고 할 것이 전혀 없어서 인물에 그 어떤 공감도 할 수 없었으며, 무엇보다도 너무 무능해 보여서 한심하게 느껴졌다. 아니 활을 그렇게 잘 쏘면 싸우러 갈 때 들고 가든가. 그것만 챙겼어도 좀 더 멀리 갈 수 있었겠다. 그렇게 뛰어난 궁술로 한 거라고는 편지 보낸 거랑 호랑이 한 마리 죽인 것밖에 없다. 나는 호랑이가 진짜 불쌍했다. 자기를 내쫓은 자들한테는 아무 짓도 못했으면서 배고픈 호랑이는 그렇게 잔인하게 죽여버리다니. 화룡점정은 그들의 손에 죽고 싶지는 않다면서 엄흥도한테 죽여달라고 하는 부분이었다. 미친 싸이코패스 아님?! 대체 어떻게 그런 부탁을 할 수가 있는 거지?! 아니 그들 손에 죽고 싶지 않으면 그냥 자결을 해. 혼자 죽을 용기가 없어서 아끼는 사람한테 씻을 수 없는 고통을 주는 게 말이 되냐고.

아이러니하게도 영화에서 가장 매력적인 것은 한명회였다. 배우가 캐릭터를 위해 일부러 찌운 살과 눈매 분장 덕분에 더욱 더 간사스러워 보였다. 정치적 야욕을 그득그득하게 드러내보이며 정적들을 모두 제거하고, 적통이었던 임금까지도 죽여버리는 잔인함이 마음에 들었다. 심지어 적들의 계획을 모두 예상하여 항상 한 수 앞서서 행동하는 치밀함까지 갖추었다.

초중반부 광천골에서의 생활을 보여주는 장면들은 꽤 괜찮았다. 과장되기는 해도 코믹씬들은 그럭저럭 웃겼고, 유배된 신세여도 마을 사람들과 함께 소소한 행복을 느끼는 이홍위가 보기 좋았다. 영화를 아예 그런 분위기로 끌고가다가 마지막에 갑자기 비극적인 결말로 끝내는 것도 좋았을 듯하다. 그나마 강점이 있는 부분은 살리고, 되도 않은 ""한양의 봄"" 전개가 아닌 충격 반전 엔딩으로 갔으면 여운도 남았을 것이다.",그냥 크 충격 받 어떻 영화 이렇 못 만들 연출력 부르 있 전혀 없 퀄리티 영상물 편집 또 어떻 장면 뚝 뚝 끊기 음악 어쩜 그렇 촌 스럽 코미디 의도 장면 대사 그럭저럭 괜찮 정치 얘기 나오 유치 지 잘못 역사 바라 잡 하 백성 위하 싸우 하 수준 왜 이러 어차피 픽션 차라리 이홍위 군주 자체 환멸 느끼 모두 공평 기회 받 있 입헌 민주주의 사회 건립 위하 싸우 걸 결국 측근 함께 본인 왕위 되찾 목표 이것 대체 뭐 인간 이홍위 생각 당연히 안타깝 어리 나이 아버지 잃 자기 편 되 주 하 삼촌 야욕 억울 쫓겨나 비참 최후 맞이 근데 영화 속 이홍 위 일단 캐릭터 하 전혀 없 인물 어떤 공감 하 없 무엇 무능 보이 한심 느끼 지 활 그렇 잘 쏘 싸우 때 그것 챙기 멀리 있 그렇 뛰어나 궁술 하 편지 보내 호랑이 마리 죽이 없 나 호랑이 불쌍 자기 내쫓 자 아무 짓 못 하 배고프 호랑이 그렇 잔인 죽이 버리 화룡점정 손 죽 싶 않 엄흥 죽이 달 하 부분 미치 싸이코 패스 아니 대체 어떻 그런 부탁 하 있 손 죽 싶 않 그냥 자결 하 혼자 죽 용기 없 아끼 사람 씻 없 고통 주 말 되 아이러니 영화 가장 매력 한명회 배우 캐릭터 위하 일부러 찌우 살 눈매 분장 덕분 더욱 간사 스럽 보이 정치 야욕 그득 그득 드러내 보이 정적 모두 제거 적 통 임금 죽이 버리 잔인 마음 심지어 적 계획 모두 예상 항상 앞서 행동 치밀 갖추 초중반부 광천골 생활 보이 주 장면 꽤 괜찮 과장 하 코믹 씬 그럭저럭 웃기 유배 신세 마을 사람 함께 소소하 행복 느끼 이홍위 보 좋 영화 아예 그런 분위기 끌 마지막 갑자기 비극 결말 끝내 좋 듯 그나마 강점 있 부분 살리 되 않 한양 봄 전개 아니 충격 반전 엔딩 여운 남,Friday,0.2249061022552711,-3.0,부정,15
2026-03-06,4.0,말똥한 눈에 차오르던 설움,말똥 눈 차오르 설움,Friday,0.0,-2.0,부정,1
2026-03-06,2.5,"무난하게 재밌게 봤는데 cg가 몰입을 깰 정도고 대사가 사극톤이 아닌게 아쉬웠음 배우들 연기는 좋았다
개인적으로는 플러스마이너스해서 제로인 느낌",무난하 재밌 보 몰입 깨 정도 대사 사극 톤 아니 아쉽 배우 연기 좋 개인 플러스 마이너스 제로 느낌,Friday,0.1713840029050822,-2.0,부정,1
2026-03-06,3.5,"Sns와 주위에서 많이들 추천해서 봤지만
너무 큰 기대감 때문인지 아쉬움이 남았다
하지만 배우들의 연기는 진짜임",주위 많이 추천 보 크 기대감 때문 아쉬움 남 하지만 배우 연기,Friday,0.141311923758918,-1.0,부정,1
2026-03-06,3.5,우정의 폭을 둘로 좁히는 데는 꽤 건너뛴 부분이 있음. 결말을 보고 '아 또 K신파...' 했다가 실제 모티브가 있어서 당황함.,우정 폭 둘 좁히 데 꽤 건너뛰 부분 있 결말 보 또 신파 실제 모티브 있 당황,Friday,0.0,0.0,중립,0
2026-03-05,3.0,흰쌀밥의 가치를 아는 이들의 역사도 소중히 간직하길,희 쌀밥 가치 아 역사 소중히 간직,Thursday,0.1,3.0,긍정,2
2026-03-05,4.0,"아쉬운 짜임새
그러나 좋은 소재 좋은 배우",아쉽 짜임새 그러나 좋 소재 좋 배우,Thursday,0.1,0.0,중립,0
2026-03-05,5.0,"박지훈의 눈빛만 봐도 슬펐다. 
유해진 연기는 최고였고… 단종과 마을 사람들 간의 유대의 과정이 너무 짧아서 아쉬움을 느꼈지만 그런 아쉬움도 모두 상쇄할 연기력이었다. 간만에 꿀잼",박 지훈 눈빛 보 슬프 하 유해진 연기 최고 단종 마을 사람 간 유대 과정 짧 아쉬움 느끼 그런 아쉬움 모두 상쇄 연기력 간만에 꿀 잼,Thursday,0.1985339572565318,0.0,중립,3
2026-03-04,3.5,"유해진 연기력 너무 좋았다
2026년도에 엉성한 CG 충격이었음
전체적으로 안지루하고 재밌게 봤다



노산군 배우 개잘생김",유해진 연기력 좋 년도 엉성 충격 전체 안 지루 재밌 보 노산 군 배우 개 잘 생기,Wednesday,0.1410024579913245,-1.0,부정,3
2026-03-04,5.0,최근 본 영화중 최고,최근 보 영화 중 최고,Wednesday,0.1,2.0,긍정,1
2026-03-04,3.0,준수한 스토리와 재미 그리고 여운이 남는 결말,준수 스토리 재미 그리고 여운 남 결말,Wednesday,0.0,2.0,긍정,1
2026-03-04,3.5,"유해진의 연기는 말이 필요없고, 박지훈의 연기에 놀랐다. 그런데 흠 뭔가 영화가 알맹이가 없는 느낌이었다.",유해진 연기 말 필요 없 박 지훈 연기 놀라 그런데 뭐 영화 알맹이 없 느낌,Wednesday,0.1648529293672115,0.0,중립,0
2026-03-04,4.0,임금의 눈물을 닦아 드리고 싶다,임금 눈물 닦 드리 싶,Wednesday,0.0,-1.0,부정,1
2026-03-03,3.0,이홍위의 명만큼이나 짧았던 완성도. 흥행은 하늘이 점지하는 것. 믹싱 탓인지 메가박스 코엑스 LED3관 탓인지 듣기가 참 괴로웠다.,이홍 위 명 짧 완성도 흥행 하늘 점지 믹싱 탓 메가박스 코엑스 관 탓 듣 참 괴롭,Tuesday,0.0,2.0,긍정,1
2026-03-03,4.5,전체적으로 너무 재밌게 봤음 다들 연기도 잘하고 물론 아쉬운부분이 보이겠지만 ㅠ 오랜만에 한국영화 잘본거 같음!!!,전체 재밌 보 다 연기 잘 하 물론 아쉽 부분 보이 오랜만 한국 영화 잘 보 같,Tuesday,0.1413068542326407,2.0,긍정,2
2026-03-03,3.0,연기력은 최고~!  천만 영화라기에는 조금 아쉽다.,연기력 최고 천만 영화 하 조금 아쉽,Tuesday,0.1,2.0,긍정,1
2026-03-03,4.0,조금 촌스럽지만 기본은 하는 영화. 남녀노소 무난하게 볼만한 영화인 것 같다.,조금 촌 스럽 기본 하 영화 남녀노소 무난 보 만 영화 같,Tuesday,0.1,0.0,중립,0
2026-03-03,5.0,단종의 대해 더 알아간 기분이였습니다 어릴때 영월을 갔을때 청령포를 보고 단종의유배지 라는것도 몰랐습니다 이번기회에 다시 알게되었습니다,단종 대하 알 기분 어리 때 영월 때 청령포 보 단종 유배지 모르 이번 기회 다시 알 되,Tuesday,0.1,0.0,중립,0
2026-03-03,4.0,유해진의 신명나는 놀이판,유해진 신명 나 놀이판,Tuesday,0.1,2.0,긍정,1
2026-03-02,2.5,"웃어야 하나 울어야 하나, 엇갈린 장단에 휘둘리다보니 훅 지나가버린 두 시간",웃 하 울 하 엇갈리 장단 휘둘리 보 훅 지나가 버리 두 시간,Monday,0.0,0.0,중립,0
2026-03-02,3.5,장항준감독의 정말 영리한 연출이 선을 잘 지켰다,장항준 감독 영리하 연출 선 잘 지키,Monday,0.1,1.0,긍정,1
2026-03-02,3.0,사극치고 재밌게 잘뽑혔음,사극 재밌 잘 뽑히,Monday,0.0,1.0,긍정,1
2026-03-02,3.0,"배우 열연과 역사 소재는 좋았다
결국 연출 스타일이 맞지 않은듯",배우 열연 역사 소재 좋 결국 연출 스타일 맞 않 듯,Monday,0.1726590348478765,0.0,중립,0
2026-03-02,4.0,피로 쓰여진 역사는 되풀이 되는 구나,피 쓰이 지 역사 되풀이 되,Monday,0.1,0.0,중립,1
2026-03-02,4.0,담백하면서 묵직한 예정된 비극,담백하 묵직하 예정 비극,Monday,0.0,-2.0,부정,1
2026-03-02,5.0,이거 때문에 처음으로 혼자 영화관 갔고 영화 어차피 좀 지나면 ott 나올텐데 하고 안 보는 사람인데도 두번이나 봄. 심지어 한 번 더 보고 싶음. 뭐 볼 때 후유증이 좀 있는 편인데 드라마도 아니고 영화가 이정도인 건 처음임. 수요일날 처음보고 6일째 펑펑 욺. 과장 아니고 하루에 10번 이상씩 울고 있음. 이대론 안 되겠다 싶어 한 번 더 보고 겨우 마음 정리함.. 사실 아직도 욺. 내일 개학인데 학교에서도 울까봐 겁 남 ㅜ.ㅜ 단종이랑 동갑인 나이라 더더더 슬픔,이거 때문 처음 혼자 영화관 영화 어차피 지나 나오 터 하 안 보 사람 두 번 보 심지어 번 보 싶 보 때 후유증 있 편 드라마 아니 영화 정도 처음 수요일 날 처음 보 일 펑펑 울 과장 아니 하루 번 이상 울 있 이대로 안 되 싶 번 보 겨우 마음 정리 사실 아직 울 내일 개학 학교 울 보 겁 나 단종 동갑 나이 슬프,Monday,0.1901943094396386,-1.0,부정,1
2026-03-02,5.0,"오늘 아침에 보고 왔는데 유해진 배우님 재미있고 마지막에는 슬퍼요 ㅋㅋㅋ

한명회를 보면 화만 납니다 ㅂㄷㅂㄷ 단종이 네 이놈~ 외치는데 너무 좋아요 ㅠㅠ",오늘 아침 보 오 유해진 배우 재미있 마지막 슬프 한명회 보 화 나 단종 너 이놈 외치 좋,Monday,0.1727841852128358,-2.0,부정,1
2026-03-02,4.0,한국 영화 바라는 것도 크지 않다. 더도 덜도 말고 딱 이 정도 퀄리티만 유지하자.,한국 영화 바라 크 않 덜 말 딱 정도 퀄리티 유지,Monday,0.1,0.0,중립,0
2026-03-02,3.0,단종이야기 자체가 극적이고 배우들이 잘했지만 연출이 구멍이었다.,단종 이야기 자체 극 배우 잘 하 연출 구멍,Monday,0.1726782221512378,1.0,긍정,1
2026-03-02,2.5,"장항준 감독이 내 눈에 고추가루를 뿌려 눈물이 나게 했다. 
근데 눈물은 안났다",장항준 감독 나 눈 고추 가루 뿌리 눈물 나 하 근데 눈물 안 나,Monday,0.0,-2.0,부정,2
2026-03-02,2.0,평범하게 재밌음,평범 재밌,Monday,0.0,0.0,중립,0
2026-03-01,5.0,"한명회 죽이고 싶었고
단종오빠 사랑해",한명회 죽이 싶 단종 오빠 사랑,Sunday,0.1,2.0,긍정,1
2026-03-01,3.5,훌륭한 연기가 가미된 단종의 이야기는 실패할 수 없지,훌륭 연기 가미 단종 이야기 실패 없,Sunday,0.140515656532162,0.0,중립,0
2026-03-01,5.0,보고 집와서도 울었던 영화,보 집 오 울 영화,Sunday,0.1,0.0,중립,0
2026-03-01,5.0,"박지훈 배우 크게 될 거 같네요.
좋았습니다.전부 다.",박 지훈 배우 크 되 같 좋 전부 다,Sunday,0.1,0.0,중립,0
2026-03-01,3.5,단종 서사에 장항준식 터치.,단종 서사 장항준 식 터치,Sunday,0.1,0.0,중립,0
2026-03-01,4.5,결말 알아도 슬퍼요ㅠㅠ,결말 알 슬프,Sunday,0.0,0.0,중립,0
2026-03-01,2.5,진심 파묘가 더 재밌음,진심 파묘 재밌,Sunday,0.0,0.0,중립,0
2026-03-01,4.5,"덕불고(德不孤) 필유린(必有隣)
덕이 있는 사람은 고립되어 있는 것이 아니고 반드시 따르는 이웃이 있다.",덕 불 필유린 덕 있 사람 고립 있 아니 반드시 따르 이웃 있,Sunday,0.1414152577783095,4.0,긍정,2
2026-03-01,5.0,배우들의 섬세한 감정선이 돋보이는 수작입니다. 여운이 깊게 남네요. 호랑이 cg는 좀 그렇지만요.,배우 섬세 감정 선 돋보이 수작 여운 깊 남 호랑이 그렇,Sunday,0.1,0.0,중립,0
2026-03-01,4.5,"이 정도면 충분한 수작인데, 평점 테러하는 평론가병 걸린 사람이 즐비하네요. 입으로는 한국 영화의 부활을 외치면서, 정작 영화계를 망치고 있는 사람이 누군지 깨닫길.",정도 충분하 수작 평점 테러 평론가 병 걸리 사람 즐비하 입 한국 영화 부활 외치 정작 영화 망치 있 사람 누구 깨닫,Sunday,0.1383450524050975,-2.0,부정,1
2026-02-28,3.5,후반부에 너무 슬퍼서 눈물 한 방울. CG는 별로였다.,후반부 슬프 눈물 방울 별로,Saturday,0.0,-1.0,부정,1
2026-02-28,4.0,"연출이 숏츠.? 같음 그치만 울어라 하면, 네!!!! 하게 되는 영화. 그나저나 감독이 캐스팅은 진짜 잘했네.",연출 숏 츠 같 그치만 울 하 하 되 영화 그나저나 감독 캐스팅 잘,Saturday,0.1394081308877378,1.0,긍정,1
2026-02-28,5.0,리뷰보고 재미없는 줄 알고 안 보다가 지금봤는데 너무 재밌잖아!!! 대체 평점은 왜???,리뷰 보 재미없 줄 알 안 보 지금 보 재밌 대체 평점 왜,Saturday,0.0,0.0,중립,0
2026-02-28,4.0,".. 영화를 보고 나오면서 이런 생각이 들었습니다.

'과연 천만 찍을수 있을까?'

 

이에 대한 고민은 이렇게 결론내렸습니다.

 코로나 전에는 천만 절때 불가
코로나 시기에는 천만 확정
코로나 이후에는... 애매하다.

입니다.

 

 

  

영화가 잘 되고 있고 천만을 다가가고 있으며 감독의 천만 이행관련 뉴스기사등을 보고 모처럼 영화를 보러 갔습니다.

처음에는 그냥 저냥한 사극 영화일줄 알았거든요.

 

영화를 보면서 떠오른건 '관상'이 떠올랐고 그 이후의 이야기라고 생각을 하며 보니 재미있게 보고 나왔습니다.

 

  

 

영화를 보면서 소소한 웃음포인트는 많았습니다. 배우님들의 연기력이나 소소한 코믹요소 등. 감독의 유머포인트와 영화연출의 특징이 잘 묻어 나온것 같았고 이 포인트들 때문에 인기가 많았고 흥행요소가 되었구나 라는걸 느꼈네요.

 

하지만... 조금 아쉬움이 남는것도 꽤 있었습니다.

 

 

우선 영화가 의도적으로 가볍게 만들어졌고 연출도 의도적인걸 알고는 있지만 

영화가 '8,90년도에 코미디쇼프로그램' 처럼 느껴졌습니다.

 

화면 캡처 2026-02-28 214344.png.jpg

 

 

 

정확하게는 한장소에서 너무나도 갑작스러운 전개와 서사를 진행하는것이

마치 관객과 함께하는 개그 쇼프로그램의 연출처럼 느껴졌습니다.

 

 

극중 이홍위는 편지를 받고 맞은편 산에 올라 고민을 하던중 엄흥도와 일행들에게 발견되어 '또 극단적 선택을 하려고 하느냐' 라면서 이야기를 풀어갑니다.

 

이 장면에서는 이홍위의 심정의 변화와 엄흥도의 심정고백, 주변인물들의 사태파악, 새로운 사건으로 시작되는 씬으로 표현되어야 하는데

그 절벽위에서

참 많은 인물들이 여러 사건을 겪었고 참 많은 변화를 겪었습니다.

 

스토리상 있어야 하는 과정이지만 너무 갑작스럽고 다급하게 서사를 쌓을 기회도 없이 무작정 진행되어서 라이브 쇼프로그램처럼 느껴질정도로 어색했습니다.

 



 

문제는 이런 문제점 들이 영화에서 꽤 많이 나옵니다.

 

엄흥도가 사또를 만나러 간다거나 한명회가 당 내부의 사람들과 이야기하는 장면 등

생략과 요약을 너무나도 과하고 갑작스럽게 표현되었습니다.

 

 

 

그렇다보니 일부 조연들의 장면은 식사장면을 통해 퉁 치기도 했지만 

차라리 그 장면 이전에 조연의 분량을 더 넣어서 서사를 쌓는 이야기도 있었다면 더 좋았을거라 생각됩니다.

(예를 들면 한밤중 엄흥도가 새로운 유배지 관리를 마친날 밤 스스로 연습을 하는 장면 이후에 조연들이 뒤에서 지켜보면서 '저러도 좋을까..'같은 모습이나 어의없어 하는 표정, 대화를 넣고 서사를 쌓았더라면 좋았을것이다)

 

 

  

 

그와는 별계로 배우들의 연기력은 다들 훌륭했습니다. 

각 배우들 모두 실재 있는듯한 캐릭터의 표현이 좋았고 소소한 웃음 포인트도 있었습니다.

딱 한가지 아쉽다면 아쉬운점이 있었는데

한명회를 연기하는것이... 조금 아쉽다고 생각이 들었네요

 

제 머리속 한명회는 관상의 김의성 배우가 너무나고 깊게 뿌리잡아서 그런지

캐릭터 매력이 부족하다는 느낌을 받았습니다. 

유지태님의 한명회도 다른 매력은 있었지만... 조금 아쉽더군요.

 

  

 

촬영, 연출, 음향같은 제작으로 본다면

너무나도 평범했습니다.

그렇지만 이게 단점이 아니고 그렇다고 장점이 되질 않았습니다.

 

 최근 드라마에서도 다양한 촬영기법이 사용되고 신박하거나 특수한 효과에 익숙해져서 그런지 이번 영화에서는 단순하고 직관적인 촬영구도를 보여줬습니다.

이 부분은 편집, 음향에서도 똑같이 나타났습니다.

(그나마 특색있던거라면.. 음식 클로즈업 장면 정도?)

  

특색이 없는 장면이였고 일부 비오는 장면 등에서는 어색함도 있었지만 오히려 깔끔하고 이상한 효과 덕지덕지 바른 것보다는 좋았다고 생각합니다.

마치 슴슴한 무국 같은 느낌이랄까요

 

딱 아쉬운건 일부 장면 몇초는 카메라 구도가 확 틀어지면서 장면전환되는것도 있어서... 편집과정에 문제가 있는것도 있었네요..

 

 

  

 

이번 왕과사는 남자에서 제가 특히 좋아했던건

조선 사극 영화에서 양반, 왕, 궁궐을 표현한것보다 '평민, 시골, 농촌'을 중심으로 표현한것이 좋았습니다.

당시 평민, 촌동내의 옷부터 생활방식, 소품, 묘사등은 이 영화가 최고였다고 생각합니다.

 

 

 

 

정리하자면

천만 가능성은 조금 애매하다고 느꼈다. 기대 없이 봤지만 관상 이후 이야기처럼 느껴져 재미있었다. 소소한 코믹 요소와 연기력이 흥행 요소로 보였다. 전개가 의도적으로 가볍고 갑작스러워 쇼프로그램처럼 어색하게 느껴졌다. 생략과 요약이 과해 서사가 급하게 진행됐다. 조연 서사를 더 쌓았으면 좋겠다고 느꼈다. 배우들의 연기는 전반적으로 훌륭했지만 일부 캐릭터는 매력이 약하게 느껴졌다. 촬영과 연출과 음향은 평범하고 단순했다. 일부 장면의 편집과 구도 전환이 어색했다. 평민과 농촌 중심의 생활 묘사가 특히 좋았다.

 인것 같네요

 

한줄 요약 하자면

화려함보다 생활의 질감을 담아낸, 담백하지만 호불호가 갈리는 사극 한 그릇 같았다.

인것 같네요",영화 보 나오 이런 생각 과연 천 찍 있 대하 고민 이렇 결론 내리 코로나 전 천만 절 때 불가 코로나 시기 천 확정 코로나 이후 애매 영화 잘 되 있 천만 다가가 있 감독 천만 이행 관련 뉴스 기사 보 모처럼 영화 보 처음 그냥 냥 사극 영화 줄 알 영화 보 떠오르 관상 떠오르 이후 이야기 생각 하 보 재미있 보 나오 영화 보 소소 웃음 포인트 많 배우 연기력 소소 코믹 요소 감독 유머 포인트 영화 연출 특징 잘 묻 나오 같 포인트 때문 인기 많 흥행 요소 되 느끼 하지만 조금 아쉬움 남 꽤 있 우선 영화 의도 가볍 만들 지 연출 의도 알 있 영화 년도 코미디 쇼 프로그램 느끼 지 화면 캡처 정확 장소 너무나 갑작스럽 전개 서사 진행 마치 관객 함께 하 개그 쇼 프로그램 연출 느끼 지 극 중 이홍위 편지 받 맞은편 산 오르 고민 하 중 엄 흥 일행 발견 또 극단 선택 하 하 이야기 풀 장면 이홍위 심정 변화 엄 흥 심정 고백 주변 인물 사태 파악 새롭 사건 시작 씬 표현 하 절벽 위 참 많 인물 여러 사건 겪 참 많 변화 겪 스토리 있 하 과정 갑작스럽 다급 서사 쌓 기회 없이 무 작정 진행 라이브 쇼 프로그램 느끼 지 정도 어색 문제 이런 문제점 영화 꽤 많이 나오 엄흥 사또 만나 한명회 당 내부 사람 이야기 장면 생략 요약 너무나 과하 갑작스럽 표현 그렇 보 일부 조연 장면 식사 장면 통하 퉁 치 하 차라리 장면 이전 조연 분량 넣 서사 쌓 이야기 있 좋 생각 예 밤중 엄 흥 새롭 유배지 관리 마치 날 밤 스스로 연습 하 장면 이후 조연 뒤 지켜보 저러 좋 같 모습 어의 없 하 표정 대화 넣 서사 쌓 좋 별 배우 연기력 다 훌륭 각 배우 모두 실재 있 듯 캐릭터 표현 좋 소소 웃음 포인트 있 딱 가지 아쉽 아쉽 점 있 한명회 연기 조금 아쉽 생각 머리 속 한명회 관상 김의성 배우 나 깊 뿌리 잡 그렇 캐릭터 매력 부족 느낌 받 유지 태 한명회 다른 매력 있 조금 아쉽 촬영 연출 음향 같 제작 보 너무나 평범 그렇지만 이것 단점 아니 그렇 장점 되 않 최근 드라마 다양 촬영 기법 사용 신 박 특수 효과 익숙 지 그렇 이번 영화 단순 직관 촬영 구도 보이 주 부분 편집 음향 똑같이 나타나 그나마 특색 있 음식 클로즈업 장면 정도 특색 없 장면 일부 비 오 장면 어색 있 오히려 깔끔 이상 효과 덕지덕지 바르 좋 생각 마치 슴슴하 무 국 같 느낌 딱 아쉽 일부 장면 몇 초 카메라 구도 확 틀어지 장면 전환 있 편집 과정 문제 있 있 이번 왕 사 남자 특히 좋아하 조선 사극 영화 양반 왕 궁궐 표현 평민 시골 농촌 중심 표현 좋 당시 평민 촌 동 내 옷 생활 방식 소품 묘사 영화 최고 생각 정리 천만 가능 조금 애매 느끼 기대 없이 보 관상 이후 이야기 느끼 지 재미 있 소소하 코믹 요소 연기력 흥행 요소 보이 전개 의도 가볍 갑작스럽 쇼 프로그램 어색 느끼 지 생략 요약 과하 서사 급하 진행 조연 서사 쌓 좋 느끼 배우 연기 전반 훌륭 일부 캐릭터 매력 약하 느끼 지 촬영 연출 음향 평범 단순 일부 장면 편집 구도 전환 어색하 평민 농촌 중심 생활 묘사 특히 좋 같 줄 요약 화려하 생활 질감 담아내 담백 호불호 갈리 사극 그릇 같 같,Saturday,0.2157667089928587,15.0,긍정,13
2026-02-28,3.5,"아쉬운 부분이 있음.
1. 호랑이의 존재. 어쩌면 단종의 변화를 보여주기 위한 장치였던 거 같은데
그것보다 대화에서 방향을 더 찾았으면 어땠을까?
생각보다 민중들과의 이야기 힘이 떨어진 느낌
2. 뭔가 음악이...아쉽다는 느낌이 살짝..
1번만 봐서 모른 거 일 수도 있음..
3. 배우들의 개인기에 기대는 느낌이 많이 있었다.

관상과 같은 묵직함과 임팩트가 없다는 느낌에 공감.
그리고 개인기에 의존했다는 생각이 드는 이유 중 하나가
연출로 포장할 수 있는 이야기랄까? 그런 게 묘하게 없는 느낌이었음.

4. 생각해보니 또 다른 단점이 있다.
금성대군의 존재. 금성대군 장면들이 굳이 필요한가 싶을 정도로 하찮았음
출정할까요? 출정할까요? 출정할까요? 출정할까요?의 연속
결국 출정했지만, 어이없게 털림
금성대군을 외모로만 소비한 느낌이 강하다. 

-----------------------
이 영화가 영화라기보다 일상적인 대화같은 느낌?
배우들의 개인기로 해결한다는 게 달리 보면
감독의 연출이 좋아서 이게 영화가 아니라 실재라고 느끼는 게 아닐런지...
-----------------------

그냥 한국영화계? 일반 대중 분들에 대한 아쉬움이랄까? 그런 것도 있음

광해군, 노산군(단종)
사실 그 사람들에 대한 이야기가 궁금한 시점은 한참 지났다고 생각한다.
인터뷰에서 어떤 분이 한국 역사에 대해 알릴 기회라고 하는데
하...
(할말하않...)

그런 느낌이 있다.
나는 광해군, 단종의 이야기를 이제 지나서
단종의 부인인 정순왕후나
광해군의 부인인 문성군 부인 유씨에 대한 이야기에 상상력을 발휘해주셨으면 하는...바람이 있다.

내가 쓰고 싶다는 생각도 간혹 하는 두 여인임.
연산군의 부인은 조금...생각해보고....ㅎㅎ",아쉽 부분 있 호랑이 존재 어쩌면 단종 변화 보이 주 위하 장치 같 그것 대화 방향 찾 어떻 생각 민중 이야기 힘 떨어지 느낌 뭐 음악 아쉽 느낌 살짝 번 보 모르 있 배우 개인기 기대 느낌 많이 있 관상 같 묵직 임팩트 없 느낌 공감 그리고 개인기 의존 생각 이유 중 하나 연출 포장 있 이야기 그런 묘하 없 느낌 생각 보 또 다른 단점 있 하 금성대군 존재 금성대군 장면 굳이 필요 싶 정도 하찮 출정 출정할까요 출정 출정할까요 연속 결국 출정 어이없 털리 금성대군 외모 소비 느낌 강하 영화 영화 일상 대화 같 느낌 배우 개인기 해결 달리 보 감독 연출 좋 이것 영화 아니 실재 느끼 아니 그냥 한국 영화 일반 대중 분 대하 아쉬움 그런 있 광해군 노산 군 단종 사실 사람 대하 이야기 궁금 시점 한참 지나 생각 인터뷰 어떤 분 한국 역사 대하 알리 기회 하 하 말 하 ᆭ 그런 느낌 있 나 광해군 단종 이야기 지나 단종 부인 정순왕후 광해군 부인 문성군 부인 유 씨 대하 이야기 상상력 발휘 주 하 바람 있 나 쓰 싶 생각 간혹 하 두 여인 연산군 부인 조금 생각 보,Saturday,0.2304477120668059,0.0,중립,2
2026-02-28,0.5,"전율을 느꼈다. 유해진과 유지태를 데리고,이따위 영화를 만들다니.  어짜피 팩션인데, 이렇게 상상력이 부족한가?",전율 느끼 하 유해진 유지태 데리 이따위 영화 만들 어짜피 팩 션 이렇 상상력 부족,Saturday,0.1397379910915857,-1.0,부정,1
2026-02-28,3.0,"부족함이 없는 건 아니지만, 천만으로 달려갈 이유는 충분하다.",부족 없 아니 천만 달려가 이유 충분,Saturday,0.1,-1.0,부정,1
2026-02-28,3.0,역사의 기록에서 한 사람의 이야기를 잘 펴내본 작품,역사 기록 사람 이야기 잘 펴 내 보 작품,Saturday,0.1412015659834063,1.0,긍정,1
2026-02-28,3.0,단종의 비극적인 이야기를 따라가볼 수 있었다.,단종 비극 이야기 따라가 보 있,Saturday,0.1,-2.0,부정,1
2026-02-28,4.5,역사를 아니 웃음기 가득란 장면도 웃으면서 못 본다는게 단점,역사 알 웃음 가득 란 장면 웃 못 보 단점,Saturday,0.1,0.0,중립,1
2026-02-28,3.5,가볍지만 역사적 사실이 바탕에 깔렸기에 나부끼진 않는다. 다만 유머를 조금 덜고 깊이를 더했다면..하는 아쉬움,가볍 역사 사실 바탕 깔리 나부끼 않 다만 유머 조금 덜 깊이 더하 하 아쉬움,Saturday,0.1,-1.0,부정,1
2026-02-27,3.0,엄청 재밌진 않고 무난함. 뭔가 좀 부족한 느낌은 듬. 연기는 엄청 잘함.,엄청 재밌 않 무난 뭐 부족 느낌 듬 연기 엄청 잘 하,Friday,0.1,0.0,중립,2
2026-02-27,3.5,역사 공부를 하고 감상하니 단종이 정말 안타까운 왕이네요. 한가지 아쉽다면 결말에 노루가 묘지자리를 점지해준것 까지 나왔다면 더 좋았을것 같은데...,역사 공부 하 감상 단종 안타깝 왕 가지 아쉽 결말 노루 묘지 자리 점지 주 나오 좋 같,Friday,0.1414196276765257,0.0,중립,0
2026-02-27,4.0,관상도 그렇고.. 수양대군 시대 영화는 다 잘 되는 듯.. 😅,관상 그렇 수양대군 시대 영화 다 잘 되 듯,Friday,0.1,1.0,긍정,1
2026-02-27,4.5,"어리고 나약한 왕이 아닌 강인하고 주체적인 조선의 6대 왕 단종, 이홍위의 모습을 각인시키다",어리 나약 왕 아니 강인 주체 조선 대 왕 단종 이홍위 모습 각인,Friday,0.141234282666909,0.0,중립,0
2026-02-27,3.5,배우들의 연기 차력소 구멍이없다,배우 연기 차력소 구멍 없,Friday,0.141311923758918,0.0,중립,0
2026-02-27,3.0,음… 앞으로 좋은 한국영화가 많이 나오기를 기대합니다.,앞 좋 한국 영화 많이 나오 기대,Friday,0.1,1.0,긍정,1
2026-02-27,4.0,유해진 연기 압권,유해진 연기 압권,Friday,0.1404769626093076,0.0,중립,0
2026-02-27,3.0,창의적이고 좋은 가족 영화,창의 좋 가족 영화,Friday,0.1,0.0,중립,0
2026-02-27,4.5,대놓고 울리려면 이 정도는 해야지,대놓고 울리 정도 하,Friday,0.0,0.0,중립,0
2026-02-26,4.0,"볼륨이 얇았다는건 어쩌면 응집성은 더 좋았다는 뜻 일지도.

엄흥도의 시선을 따라 재미있게 함께했다",볼륨 얇 어쩌면 응집 좋 뜻 엄 흥 시선 따르 재미있 함께 하,Thursday,0.0,1.0,긍정,1
2026-02-26,3.0,네가 막둥이로구나. 2026. 장항준. 3.0 / 그곳에 국민이 있었다. (별점 상향 2.5 > 3.0/ 20260326) 사족: 대 다 나 다 (빵~터짐),너 막둥이 장항준 그곳 국민 있 별점 상향 사족 대 다 나 다 빵 터지,Thursday,0.0,0.0,중립,0
2026-02-26,3.0,"영화를 보는 내내 고통스러웠다. 관객이 단종의 고통을 방관하도록 두지 않는 것 같았다. 내내 그 고통을 느껴보라고 손짓한다. 중요한 건 그 고통이 절정에 달했을 때 나도 모르게 한발 물러나게 된다. 

그 고통이 나에게 오는 줄도 몰랐다면 그 순간에 '헉'하고 빠져버렸을 것 같은데... 그럼에도 좋은 면만 보고싶은, 잘했다고 말해주고 싶은 그런 영화다.",영화 보 내내 고통 스럽 관객 단종 고통 방관 두 않 같 내내 고통 느끼 보 손짓 중요 고통 절정 달하 때 나 모르 발 물러나 되 고통 나 오 줄 모르 순간 헉 하 빠지 버리 같 그렇 좋 면 보 싶 잘 말 주 싶 그런 영화,Thursday,0.1389423317514581,-9.0,부정,6
2026-02-26,5.0,솔직히 보면서 안울줄 알았는데 울었습니다. 오랜만에 볼만한 한국영화가 나와서 좋았습니다.,솔직히 보 안 울 줄 알 울 오랜만 보 만 한국 영화 나오 좋,Thursday,0.1,0.0,중립,0
2026-02-26,5.0,결말을 알면서도 슬프고 여운이 남는 영화.,결말 알 슬프 여운 남 영화,Thursday,0.1,0.0,중립,0
2026-02-26,3.5,"방대한 스토리는 아니지만, 
고작 열일곱.. 삶의 의지를 잃어버린 단종에게 다시금 살고싶게만든 마을사람들의 따뜻함이 좋았고, 지키고싶은 사람을 위해 다시한번 힘을 낸 모습에 응원하게 만든다. 
하지만 초입에 좌절된 찬탈의 꿈에 안타깝기 그지없고..
그 세밀한 감정연기들에 몰입되는건 사실이다..
호랑이만 눈감고 호.",방대 스토리 아니 고작 열 일곱 삶 의지 잃어버리 단종 다시금 살 싶 만들 마을 사람 따뜻하 좋 지키 싶 사람 위하 다시 번 힘 내 모습 응원 만들 하지만 초입 좌절 찬탈 꿈 안타깝 그지없 세밀 감정 연기 몰입 사실 호랑이 눈 감,Thursday,0.1829544750433341,-3.0,부정,2
2026-02-25,5.0,박지훈 나오는 첫 장면부터 그냥 눈물이 흘렀다..,박 지훈 나오 첫 장면 그냥 눈물 흐르,Wednesday,0.0,-1.0,부정,1
2026-02-25,3.5,"단종이랑 엄흥도 자체의 스토리가 씹사기라 슬펏음
좀 또잉..?하긴 햇는데.. 낫밷
연기차력쇼 잘봣수다",단종 엄흥 자체 스토리 씹 사기 슬프 또 잉 하 하 낫밷 연기차력쇼 잘 보,Wednesday,0.1,1.0,긍정,1
2026-02-25,4.0,생각보다허무햇던..그래도배우분들이연기를잘하셧고감동도잇엇던영화!내가생각하는명대사는시발이라하엿느냐?이건데아무도언급을안하네머쓱;,생각 허무 그래도 배우 분 연기 잘 하 감동 잇 영화 나 생각 명대사 시발 하 이거 아무 언급 안 하 머쓱,Wednesday,0.17054433621903,2.0,긍정,3
2026-02-25,4.5,영화를 보는 내내 단종의 벗과 이웃이 되게끔 만드는 연기와 연출이었다.. 사람이 꽉 찬 극장에서 다 함께 웃고 울며 보는 영화가 얼마 만인지!,영화 보 내내 단종 벗 이웃 되 만들 연기 연출 사람 꽉 차 극장 다 함께 웃 울 보 영화 얼마 만,Wednesday,0.21915124078985,2.0,긍정,2
2026-02-25,5.0,진짜 영화관이라서 울음참는데 못참겠어서 끄흡끄헙 호흡곤란 온 사람처럼 펑펑 울었음ㅠㅠ 지금도 눈물나와서 미치겠다,영화관 울음 참 데 못 참 끄흡끄헙 호흡곤란 오 사람 펑펑 울 지금 눈물 나오 미치,Wednesday,0.1,-4.0,부정,4
2026-02-25,5.0,3번봤어요천만가자,번 보 천만,Wednesday,0.0,0.0,중립,0
2026-02-25,5.0,"주로 평점이 낮은 평론을 보면 연출 이야기나 무게감관련해서 많이 이야길 한다. (+마을 부분도)
다른 유명한 사극영화를 언급하면서 말이다.
물론 연출에 대해서는 나도 아쉬운 부분이 많다. (초반에 웃음포인트를 부자연스럽게 낼려는 부분이나 호랑이 cg 등)

그러나, 이런 웃음포인트가 나는 오히려 전화위복이 되었다고 생각한다.
만약 이 좋은 소재(단종과 엄흥도)와 이 휼륭한 캐스팅으로(배우들로) 영화 전체적인 방향을 작품성에만 치중하여 엄숙하고 진지하게 무겁게 진행하였다면 어떻게 되었을까?
오히려 지금보다 성적이 별로 안좋았을 것 같다.
왜냐하면 그렇게 영화가 엄숙하고 무거운 분위기 속 연출한 단종은 지금까지 많았는데, 
만약 명절 설날에 지금까지와 같은 단종을 담은 영화가 개봉한다? 결말은 뻔할 것이기 때문.

이렇듯 지금까지 단종이란 왕은, 대중들에겐 그저 유약하고 비운의 왕으로 많이 비추어 졌었지만,
왕과 사는 남자에선 우리가 봐오지 못하였던 단종의 단단한 모습을 볼 수 있었다.
라고 많은 리뷰에서 보았겠지만 나는 오히려 이 영화에서 단단한 모습과 여린 모습 외에도 어린 소년의 모습(마지막 물장구장면에서 특히), 백성을 생각하는 어진 왕의 모습, 그러면서 내 사람을 챙기는 강단있는 모습 등등 여러가지의 모습들을 통해 입체적으로 표현한 단종을 봐서 좋았다.

또한 영화의 전체 진행 방식이(가벼운 분위기에서 무겁게 진행되는 방식)
엄흥도라는 대중들 입장에서 생소한 인물을 마냥 어렵게 설명해주는 것이 아니라 단종의 조력자 느낌으로 쉽게 설명해주는 것 같아 그 부분도 좋았던 것 같다.

그리고 광해나 관상같은 영화는 이 영화완 결이 다른 영화같다.
노리는 타켓도 다르고, 방향도 다르기에 비교하는 것 자체가 무의미한 것이 아닐까? 라고 말해주고 싶다.

마을이야기도 엉뚱한 부분도 있었지만, 그럼에도 대중성면에서는 아예 거슬리는 장면은 아니었다.

오히려 오랜만에 흥행한 한국영화에 감나라 배나라하며 ”이런 코믹 신파 역사 영화가 흥행하니까 한국영화가 망하지“라고 말한 사람도 봤는데, 그런 일부 소수의 사람들때문에 일본 애니, 할리우드 영화에 한국영화가 주춤했던 것 일지도 모른다.
앞으로 한국영화가 다시 부흥할려면 고리타분하고 딱딱한 시선보다 조금은 유한 시선이 필요한 시점이다.",주로 평점 낮 평론 보 연출 이야기 무게감 관련 많이 이야기 하 마을 부분 다른 유명 사극 영화 언급 말 물론 연출 대하 나 아쉽 부분 많 초반 웃음 포인트 부자연스럽 내 하 부분 호랑이 그러나 이런 웃음 포인트 나 오히려 전화위복 되 생각 만약 좋 소재 단종 엄흥 오 휼륭 캐스팅 배우 영화 전체 방향 작품 치중 엄숙 진지 무겁 진행 어떻 되 오히려 지금 성적 별로 안 좋 같 왜냐하면 그렇 영화 엄숙 무겁 분위기 속 연출 단종 지금 많 만약 명절 설날 지금 같 단종 담 영화 개봉 결말 뻔하 때문 이렇 지금 단종 왕 대중 그저 유약 비운 왕 많이 비추 지 왕 사 남자 우리 보 오 못 하 단종 단단 모습 보 있 많 리뷰 보 나 오히려 영화 단단 모습 여리 모습 외 어리 소년 모습 마지막 물장구 장면 특히 백성 생각 어질 왕 모습 그러 나 사람 챙기 강단 있 모습 등등 여러 가지 모습 통하 입체 표현 단종 보 좋 또한 영화 전체 진행 방식 가볍 분위기 무겁 진행 방식 엄흥도 대중 입장 생소 인물 마냥 어렵 설명 주 아니 단종 조력자 느낌 쉽 설명 주 같 부분 좋 같 그리고 광해 관상 같 영화 영화 결 다르 영화 같 노리 타켓 다르 방향 다르 비교 자체 무 의미 아니 말 주 싶 마을 이야기 엉뚱 부분 있 그렇 대중 면 아예 거슬리 장면 아니 오히려 오랜만 흥행 한국 영화 감 나라 배 나라 이런 코믹 신파 역사 영화 흥행 한국 영화 망하 말 사람 보 그런 일부 소수 사람 때문 일본 애니 할리우드 영화 한국 영화 주춤 모르 앞 한국 영화 다시 부흥 고리타분 딱딱 시선 조금 유하 시선 필요 시점,Wednesday,0.2221365073896404,3.0,긍정,4
2026-02-25,2.5,영화에 그저 이야기면 충분하다는 착각,영화 그저 이야기 충분 착각,Wednesday,0.1,0.0,중립,0
2026-02-25,3.5,늘 먹던 장항준의 맛. 스코어와 상관없이 그 벽을 넘지는 못했다.,늘 먹 장항준 맛 스코어 상관없이 벽 넘 못 하,Wednesday,0.0,0.0,중립,1
2026-02-25,0.5,네이버 검색해 보면 팩트는 시신수습 한개로 조선식 감성팔이 판타지 영화를 만들어버렸네,네이버 검색 보 팩트 시신 수습 개 조선식 감성 팔 판타지 영화 만들 버리,Wednesday,0.1,0.0,중립,0
2026-02-24,3.5,조금 루즈해지려는 찰나에 정신차리게 하는 배우들의 연기. 진짜 연기가 멱살잡고 끌고가는 영화. 역사의 한 줄로 남은 비극적인 왕을 다른 측면으로 볼 수 있었다는 점에서 좋았다.,조금 루즈 지 찰나 정신 차리 하 배우 연기 연기 멱살 잡 끌 영화 역사 줄 남 비극 왕 다른 측면 보 있 점 좋,Tuesday,0.1908885682358711,-2.0,부정,1
2026-02-24,2.5,대중성의 명암 속에서 느끼기 어려운 역사의 비애(2.5),대중 명암 속 느끼 어렵 역사 비애,Tuesday,0.1,0.0,중립,0
2026-02-24,3.0,나 이 별점 모두 단종과 박지훈 씨께 드려요.,나 별점 모두 단종 박 지훈 씨 드리,Tuesday,0.1,0.0,중립,0
2026-02-24,4.0,박지훈의 비장한 여운이 영화를 힘겹게 끌고 간다.,박 지훈 비장 여운 영화 힘겹 끌,Tuesday,0.1,0.0,중립,0
2026-02-24,2.0,"한없이 가볍기만 하다.. 진중할수 있었을텐데
스토리도 소재의 재미 그게 전부인 것 같다.
너무 기대를 한 탓일까 많이 아쉽다.",한없이 가볍 하 진중 있 터 스토리 소재 재미 그것 전부 같 기대 하 탓 많이 아쉽,Tuesday,0.0,3.0,긍정,2
2026-02-24,3.5,"초반의 코믹 연기는 조금 부자연스러웠지만 
후반으로 갈수록 따뜻함이 느껴졌고 
마지막은 애틋했다.",초반 코믹 연기 조금 부자연스럽 후반 따뜻 느끼 지 마지막 애틋,Tuesday,0.1,0.0,중립,0
2026-02-23,3.5,"단종의 처연한 눈빛과 엄흥도의 연기만으로 기본 3점.
그리고 단종을 주인공으로 평균이상의 영화를 만든것에 0.5점.
""그대는.. 아닌가?""",단종 처연 눈빛 엄 흥 연기 기본 점 그리고 단종 주인공 평균 이상 영화 만들 점 그대 아니,Monday,0.1833365171048981,0.0,중립,0
2026-02-23,3.0,배우의 가열찬 열연에 기댄 감독의 평이한 연출,배우 가열차 열연 기대 감독 평이 연출,Monday,0.14082263046173,1.0,긍정,1
2026-02-23,2.5,개인적으로 유해진씨 연기가 와닿지 않는 경우가 많았다. 영화 야당부터 이번 영화까지의 연기가 정말 좋았다. 유해진씨가 없었으면 이 영화가 가능했을까? 영화는 덜컥거리지만 따듯했다.,개인 유해진 씨 연기 오 닿 않 경우 많 영화 야당 이번 영화 연기 좋 하 유해진 씨 없 영화 가능 영화 덜컥 따듯하,Monday,0.1677168331818584,0.0,중립,0
2026-02-23,4.5,내가 어릴때 영화관을 가는걸 조아했던 이유가 이거였어!!! 가족끼리 같이볼수있고 영화관에서 다함께 웃고 우는게 너무 좋았음.,나 어리 때 영화관 조아 이유 이거 가족 같이 보 있 영화관 다 함께 웃 울 좋,Monday,0.0,1.0,긍정,1
2026-02-23,1.5,유치한 코미디에 단순한 스토리..요즘 영화 정말 볼게 없는듯..ott드라마수준이 너무 높아져서 그런가,유치 코미디 단순 스토리 요즘 영화 보 없 듯 드라마 수준 높 지 그렇,Monday,0.1,0.0,중립,0
2026-02-23,3.0,유해진의 연기 차력쇼에도 가려지지 못한 실망스러운 연출,유해진 연기 차력 쇼 가려지 못하 실망 스럽 연출,Monday,0.1721126848703698,-2.0,부정,1
2026-02-22,2.5,현재  사실 볼게 없어서 보는게 아닐까 ? 너무  볼게 없으니. ㅋㅋㅋ  예전같으면 중간 이하급. 감독의 연출능력이 이것밖에 안되니 아쉬움. 요즘 한국 영화는 옛날 영화로 회귀한듯,현재 사실 보 없 보 아니 보 없 예전 같 중간 이하 급 감독 연출 능력 이것 안 되 아쉽 요즘 한국 영화 옛날 영화 회귀 듯,Sunday,0.1711106562533177,1.0,긍정,1
2026-02-22,3.0,배우들 연기력은 좋았지만 개인적으로 연출과 재현 방식이 좀 아쉬웠음 역사적 배경의 깊이에 비해 서사가 빠르게 전개된듯,배우 연기력 좋 개인 연출 재현 방식 아쉽 역사 배경 깊이 비하 서사 빠르 전개 듯,Sunday,0.1726590348478765,0.0,중립,0
2026-02-22,4.0,표정이랑 눈이 너무 슬프다 😭,표정 눈 슬프,Sunday,0.0,0.0,중립,0
2026-02-22,5.0,"실제사실을 기반하여 결말까지 잘풀어냈다.
대중에게 충분히 감동과 재미를 주는 작품임은 분명하다.
나는 이정도로 만족못하는 깐깐하고 수준높은사람이야를 알리고싶어하는 평론은 공감불가",실제 사실 기반 결말 잘 풀어내 대중 충분히 감동 재미 주 작품 분명 나 정도 만족 못 하 깐깐 수준 높 사람 알리 싶 하 평론 공감 불가,Sunday,0.1,8.0,긍정,6
2026-02-22,5.0,근본떡국맛 명절 사극 영화!!!! 이걸 계속 기다려왔다우,근본 떡국 맛 명절 사극 영화 이거 계속 기다리 오 하,Sunday,0.1,0.0,중립,0
2026-02-22,3.0,가족끼리 보기 좋은 명절 영화,가족 보 좋 명절 영화,Sunday,0.1,0.0,중립,0
2026-02-22,4.0,잘몰랐던 단종의 죽음에 대해 알게 되어 좋았다. 마을 사람들과의 유대를 쌓는 과정에서 오는 따뜻한 느낌에 힐링도 됐다. 다만 조악한 CG는 굳이 왜 넣는걸까.,잘 모르 단종 죽음 대하 알 되 좋 마을 사람 유대 쌓 과정 오 따뜻 느낌 힐링 되 다만 조악 굳이 왜 넣,Sunday,0.1411611588610981,0.0,중립,2
2026-02-22,3.0,"유해진의 말과 유지태의 눈빛, 그리고 이에 절대 꿇리지 않는 박지훈의 샤우팅과 눈망울👍🏻",유해진 말 유지태 눈빛 그리고 절대 꿇리 않 박지훈 샤우팅 눈망울,Sunday,0.1,0.0,중립,0
2026-02-22,4.0,후유증씨게남앗음,후유증 씨 남 앗,Sunday,0.0,0.0,중립,0
2026-02-22,3.5,종이와 글자로 남겨진 역사에는 기록되지 않은 사람 냄새를 먹 삼아 씁쓸한 동화를 쓰다.,종이 글자 남기 지 역사 기록 않 사람 냄새 먹 삼 씁쓸 동화 쓰,Sunday,0.1412015659834063,0.0,중립,0
2026-02-22,3.0,"노산군의 재조명과 박지훈 발굴, 유해진의 연기력이 다 살린 영화. 이것 또한 감독의 능력이지만 아쉬운건 어쩔 수 없는듯",노산 군 재 조명 박지훈 발굴 유해진 연기력 다 살리 영화 이것 또한 감독 능력 아쉽 어쩌 없 듯,Sunday,0.1397379910915857,1.0,긍정,1
2026-02-22,2.5,"시도는 좋았으나, 광해랑 비교하게 되는 건 어쩔 수 없다.",시도 좋 광해 비교 되 어쩌 없,Sunday,0.0,0.0,중립,0
2026-02-21,3.5,"초반 엄홍도의 등장씬이 덜 우스꽝스러웠다면....
호랑이 CG가 리얼했다면....
영화 음악이 조금만 더 세련됐더라면....
너무 아쉬워서 적어보는 만약에ㅠㅠ",초반 엄홍도 등장 씬 덜 우스꽝스럽 호랑이 리얼 영화 음악 조금 세련 아쉽 적 보 만약,Saturday,0.1,0.0,중립,0
2026-02-21,3.5,휴민트 왕사남 둘다 안보다가 왕사남은 400만 넘기고 계속 흥행하니 안 보러갈 수 없었다. 나름 기대를 하고 봤는데도 만족스러웠다. 특히 어린이부터 어르신까지 설 명절 가족과 함께보기 좋으며 역사가 소재인만큼 교육적으로도 좋다. 흔하디흔한 k신파억지코미디영화들 보다 훨씬 좋았다.,휴 민트 왕 사 남 둘 다 안 보 왕 사 남 만 넘기 계속 흥행 안 보 없 나름 기대 하 보 만족 스럽 특히 어린이 어르신 설 명절 가족 함께 보 좋 역사 소재 만큼 교육 좋 흔하 흔하 신파 억지 코미디 영화 훨씬 좋,Saturday,0.1396861576707047,5.0,긍정,5
2026-02-21,3.5,"그의 PT능력이 뛰어난 것은 간절함이 있었기 때문이고
그의 연기가 와닿는 것은 진심이 전달되어서.",능력 뛰어나 간절하 있 때문 연기 와닿 진심 전달,Saturday,0.1,3.0,긍정,2
2026-02-21,4.5,"- 영화 관람 전 준비물: (여러 장의) 티슈

영화 초반부터 단종을 연기한 박지훈 눈만 봐도 슬퍼서 눈물 참느라 혼났다. 박지훈 눈에 슬픔이 한가득이라 영화 보는 내내 눈물이 줄줄.. 이 영화 보고 안 우는 사람이 있을까?

그 어린 나이에.. 의지할 곳도 없이 얼마나 외롭고 힘들었을까. 너무 슬퍼…………… 가슴이 아리고 먹먹한 영화다. 아마도 실화라서 더..",영화 관람 전 준비물 여러 장 티슈 영화 초반 단종 연기 박 지훈 눈 보 슬프 눈물 참 혼나 박 지훈 눈 슬픔 한가득 영화 보 내내 눈물 줄줄 영화 보 안 울 사람 있 어리 나이 의지 곳 없이 얼마나 외롭 힘들 슬프 가슴 아리 먹먹 영화 아마도 실화,Saturday,0.162955994637154,-6.0,부정,4
2026-02-21,3.5,가볍게 팝콘 먹으며 보기에 딱임,가볍 팝콘 먹 보 딱,Saturday,0.0,0.0,중립,0
2026-02-21,3.0,"<왕과 사는 남자>를 방금 보고 나왔습니다. 새롭다던가, 독특하다는 얘기를 할 수 있는 영화는 아니겠지만, 적어도 무엇을 하고 싶은지, 무엇을 보고 들려주고 싶은지에 대한 명확한 목표를 가지고, 그걸 수행해 낸 영화가 아닐까 싶은 생각이 듭니다.

<왕과 사는 남자>는 단종의 유배에 대한 영화입니다. 어찌보면 영화의 구조는 되게 단순하기도 하고, 여러가지 의미로 뻔하기도 한 영화라고 할 수 있을 것 같습니다. 가까워지는 초반부와 발단, 정치와 역사적 흐름에 따라 도달하는 위기와 결말까지 영화는 딱 '예상 가능한 범위'에서 움직이는 영화라고 할 수 있을 거 같아요.

다만, 그럼에도 불구하고 되게 명확하게 무엇을 보여주고 싶은지 알고 있고, 그 과정에서 그걸 굉장히 잘 수행한다는 느낌을 받았습니다. 아무래도 그런 감상에 가장 많은 부분을 차지할 수 있는 건 배우들의 연기가 아닐까 싶습니다. 단종 이홍위 역할의 박지훈 배우와 유해진 배우의 합도 좋고, 영화의 무게감을 잡아줘야할 유지태 배우의 연기도 되게 좋았습니다.

모두가 아는 이야기를 한다는 건 양날의 검과 같은 부분이라고 생각해요. 긴 설명이 필요없다는 점은 분명 장점이지만, 그걸 어떻게 보여줘야 하느냐는 어려운 지점이거든요. 그러니까, 저는 (호불호는 별개로 두더라도) PC라는 것도 어찌보면 '아는 이야기를 비틀기 위한' 노력일 수 있다고 생각하거든요. (<겨울왕국> 같은 영화요.)

<왕과 사는 남자>는 독특하거나, 새로운 시각을 제시하거나 혹은 변주한다기 보단, 어찌보면 정공법에 가까운 선택을 했고, 그걸 잘 수행해낸 배우들의 힘이 두드러지는 영화가 아닐까 싶습니다.

p.s. CG는 좀 많이 아쉬웠습니다.",왕 사 남자 방금 보 나오 새롭 독특 얘기 하 있 영화 아니 적어도 무엇 하 싶 무엇 보 들려주 싶 대하 명확 목표 가지 그거 수행 내 영화 아니 싶 생각 왕 사 남자 단종 유배 대하 영화 어찌 보 영화 구조 되게 단순 하 여러 가지 의미 뻔 하 영화 하 있 같 가깝 지 초반부 발단 정치 역사 흐름 따르 도달 위기 결말 영화 딱 예상 가능 범위 움직이 영화 하 있 같 다만 그렇 불구 되게 명확 무엇 보이 주 싶 알 있 과정 그거 굉장히 잘 수행 느낌 받 아무래도 그런 감상 가장 많 부분 차지 있 배우 연기 아니 싶 단종 이홍 위 역할 박지훈 배우 유해진 배우 합 좋 영화 무게감 잡 주 하 유지태 배우 연기 되게 좋 모두 아 이야기 하 양날 검 같 부분 생각 길 설명 필요 없 점 분명 장점 그거 어떻 보이 주 하 어렵 지점 그러니까 호불호 별개 두 어찌 보 아 이야기 비틀 위하 노력 있 생각 겨울왕국 같 영화 왕 사 남자 독특 새롭 시각 제시 혹은 변주 어찌 보 정공법 가깝 선택 하 그거 잘 수행 내 배우 힘 두드러지 영화 아니 싶 많이 아쉽,Saturday,0.2375757635314116,3.0,긍정,4
2026-02-21,4.5,이런 역할은 유해진 배우만이 할 수 있다!,이런 역할 유해진 배우 하 있,Saturday,0.1410024579913245,0.0,중립,0
2026-02-21,5.0,"처음 엄홍식이 이홍위 만났을때 뗏목당기는 장면이랑 마지막에 줄 당기는거랑 오버랩돼서 더 눈물낫음
단종이 죽었을때도 고작17살밖에 안된 아긴데…….
호랑이 cg너무 밤티라서 막 깔깔 웃었었는데 단종의 미래를 알고 영화를 보니까 더 눈물 났던것 같다.
그리고 박지훈의 연기가 너무훌륭하다!! 앞으로가 더 기대되는 배우다.",처음 엄홍식 이홍위 만나 때 뗏목 당기 장면 마지막 줄 당기 오버랩 눈물 나 단종 죽 때 고작 살 안 되 아기 호랑이 밤티 막 깔깔 웃 단종 미래 알 영화 보 눈물 나 같 그리고 박 지훈 연기 훌륭하 앞 기대 배우,Saturday,0.1805647548136542,-2.0,부정,4
2026-02-21,3.5,"유해진의 연기차력쇼. 한명회는 유지태 전과 후로 나눠진다. 이미 다 알고있는 내용이지만, 배우들의 연기가 더해져서 생동감이 더해진 느낌.",유해진 연기차력쇼 한명회 유지태 전 후 나누 지 이미 다 알 있 내용 배우 연기 지 생동감 지 느낌,Saturday,0.1723711709775386,0.0,중립,0
2026-02-20,4.0,이렇게 영화관에서  눈물흘린게  처음이다 실화라 더욱더 단종이  불쌍해보였나보다  그만큼   연기도 좋았다,이렇 영화관 눈물 흘리 처음 실화 더욱 단종 불쌍 보이 보 그만큼 연기 좋,Friday,0.140515656532162,-1.0,부정,1
2026-02-20,4.5,"여러 번 곱씹게 되는 영화. 곱씹을 때마다 눈물이 핑 도는 묘한 영화. 신하들과 건너온 강을, 벗들과 건너 돌아간 어린 왕의 이야기.",여러 번 곱씹 되 영화 곱씹 때 눈물 핑 묘하 영화 신하 건너오 강 벗 건너 돌아가 어리 왕 이야기,Friday,0.1,0.0,중립,2
2026-02-20,3.5,유해진이 끝까지 끌고간다 그럼에도 즐겁다,유해진 끝 끌 그렇 즐겁,Friday,0.1,0.0,중립,0
2026-02-20,3.0,"제목만 보고 거창한 시대극을 기대했다면 실망할 확률이 높다. 이 작품은 웅장한 서사보다는 인물 사이의 폐쇄적이고 미묘한 심리 드라마에 가깝기 때문이다. 배우들의 연기, 특히 왕을 연기한 배우가 보여준 압도적인 눈빛과 화면을 장악하는 장악력은 확실히 볼만하다. 연출 면에서도 두 인물 사이의 보이지 않는 권력 구조를 빛과 구도로 긴장감 있게 표현한 건 칭찬할 만하다. 하지만 그게 다다. 극의 템포가 지나치게 늘어지는 탓에 중간중간 집중력이 흐려지고, 서사가 쌓이는 과정이 너무 길어 도대체 무엇을 말하고 싶은 건지 의문이 드는 구간이 많다. 후반부로 갈수록 메시지는 흐릿해지고 극의 긴장감도 함께 빠져나간다. 결론적으로, 화려한 볼거리를 기대했다면 추천하기 어렵고, 인물 간의 건조한 심리 압박감을 즐기는 사람이라면 한 번쯤은 볼 만하다. 나에게는 딱 그 정도, 다시 찾게 되지는 않을 영화였다.",제목 보 거창 시대극 기대 실망 확률 높 작품 웅장 서사 인물 사이 폐쇄 미묘 심리 드라마 가깝 때문 배우 연기 특히 왕 연기 배우 보이 주 압도 눈빛 화면 장악 장악력 확실히 보 만 연출 면 두 인물 사이 보이 않 권력 구조 빛 구도 긴장감 있 표현 칭찬 만 하지만 그것 다 다 극 템포 지나치 늘 지 탓 중간중간 집중력 흐리 지 서사 쌓이 과정 길 도대체 무엇 말 싶 의문 구간 많 후반부 메시지 흐릿 지 극 긴장감 함께 빠지 나가 결론 화려하 볼거리 기대 추천 어렵 인물 간 건조 심리 압박감 즐기 사람 번 보 만 나 딱 정도 다시 찾 되 않 영화,Friday,0.2145505986981747,4.0,긍정,6
2026-02-20,4.5,"이홍위는 가장 낮은 곳에서 백성들과 ‘밥을 나누고’ 그들을 ‘웃게’ 해주는 리더였다. 반면에 오늘날의 정치인들은 국민에게 '분노'를 심어주고, 갈라치기로 ‘본인 밥그릇’만 챙긴다.",이홍 위 가장 낮 곳 백성 밥 나누 웃 하 주 리더 반면 오늘날 정치인 국민 분노 심 주 치 본인 밥그릇 챙기,Friday,0.0,-2.0,부정,1
2026-02-20,3.5,일단 나를 울렸으니...추천,일단 나 울리 추천,Friday,0.0,0.0,중립,0
2026-02-20,3.0,조금씩 아쉬운 부분들을 채우는 배우들의 연기 차력쇼,조금 아쉽 부분 채우 배우 연기 차력쇼,Friday,0.141311923758918,0.0,중립,0
2026-02-19,3.5,"일단 연기부터 칭찬을 해야겠다. 믿고 보는 배우들 나와서 편하게 봤지만, 박지훈 배우는 눈빛 말고는 아쉬운 연기력이였고 대사도 좀 짜치는 면이 있었다. 반면에 눈빛 연기 하나는 끝내줬는데, 약한 영웅 부터 봐 왔지만, 박지훈 배우는 이런 아련하고 서글픈 눈빛이 지린다. 그리고 오히려 유해진과 박지훈의 케미 보단 박지환과 유해진의 케미가 더 인상 깊었다. 스토리도 훌륭히 잘 짜여졌지만 개연성은 조금 아쉬운 부분 하나는 있었다. 조금 루즈한 장면이 있기도 했고. 그런데 또 반대로 연출도 좋았고 적당히 따뜻하면서 적당히 볼수있는 영화였다.",일단 연기 칭찬 하 믿 보 배우 나오 편하 보 박 지훈 배우 눈빛 말 아쉽 연기력 대사 짜 치 면 있 반면 눈빛 연기 하나 끝내주 약하 영웅 보 오 박 지훈 배우 이런 아련 서글프 눈빛 지 그리고 오히려 유해진 박지훈 케미 보단 박지환 유해진 케미 인상 깊 스토리 훌륭히 잘 짜이 지 개연 조금 아쉽 부분 하나 있 조금 루즈 장면 있 하 그런데 또 반대 연출 좋 적당히 따뜻 적당히 보 있 영화,Thursday,0.206375773906478,7.0,긍정,5
2026-02-19,3.0,매력적인 소재와 연기 그리고 약간의 아쉬움,매력 소재 연기 그리고 약간 아쉬움,Thursday,0.1,-1.0,부정,1
2026-02-19,5.0,보고나서 디테일을 찾아보게 만들어주는 좋은 영화…🥹,보 나 디테일 찾아보 만들 주 좋 영화,Thursday,0.1,0.0,중립,0
2026-02-19,2.5,놀라운 정도로 뻔한 이야기 위에선 배우들의 놀라운 연기,놀랍 정도 뻔 이야기 위 서 배우 놀랍 연기,Thursday,0.141311923758918,0.0,중립,0
2026-02-19,4.0,단종을 연기한 박지훈의 눈빛이 참 슬프다,단종 연기 박 지훈 눈빛 참 슬프,Thursday,0.140515656532162,0.0,중립,0
2026-02-19,4.0,이야기 구성과 길이조절 흐름 등 전반적으로 괜찮았음. 배우들 연기는 두말할것 없이 좋았음. 단종의 마지막을 그린다는 점이 흥미로웠고 역사가 스포일러니 이야기는 무난한 흐름을 가졌음,이야기 구성 길이 조절 흐름 전반 괜찮 배우 연기 두말 하 없이 좋 단종 마지막 그리 점 흥미 롭 역사가 스포일러 이야기 무난 흐름 가지,Thursday,0.1724096436679511,1.0,긍정,1
2026-02-18,4.0,덕분에 역사까지 찾아보게 되고 좋았음 코미디 요소도 넣으면서 따뜻한 느낌도 잃지 않고 또 마냥 웃기게 하지 않은 게 좋았음 마지막에 가서는 이유도 없이 눈물을 흘리고 있었음,덕분 역사 찾아보 되 좋 코미디 요소 넣 따뜻 느낌 잃 않 또 마냥 웃기 하 않 좋 마지막 이유 없이 눈물 흘리 있,Wednesday,0.1,-1.0,부정,1
2026-02-18,4.5,진짜 너무 영화 끝나고 자리에서 오열하다 나온 영화였다. 연출이 별로라는 평이 있었지만 배우들의 연기력때문인지 연출이 거슬리지 않았고 단종의 감정선에 따라 몰입한채 영화를 봤다.,영화 끝나 자리 오열 나오 영화 연출 별로 평 있 배우 연기력 때문 연출 거슬리 않 단종 감정 선 따르 몰입 채 영화 보,Wednesday,0.1859610522378366,0.0,중립,0
2026-02-18,5.0,"평점보고 기대 안하고 갔다가 펑펑 울고 인생영화추가하고 옴..
지훈이를 좋아하기도하지만 어떻게 지훈이 눈은 슬픔을 저렇게 담을수 있을까??
추천합니다!!",평점 보 기대 안 하 펑펑 울 인생 영화 추가 옴 지훈이 좋아하 하 어떻 지훈이 눈 슬픔 저렇 담 있 추천,Wednesday,0.1,-1.0,부정,2
2026-02-18,4.0,"나는 박지훈의 처연함이좋아요.
나는 박지훈의 붉은 눈가가 좋아요. 손예진을 보는듯한..

영화의 내용은 조금부족한 느낌이 들어 별한개 뺌!",나 박 지훈 처연 좋 나 박 지훈 붉 눈가 좋 손예진 보 듯 영화 내용 조금 부족 느낌 별 개 빼,Wednesday,0.1,-1.0,부정,1
2026-02-18,4.0,이 정도면 잘 뽑아냄 ㅇㅇ 5점은 너무 과하고 3점 주기에는 배우들 연기가 아까운 정도,정도 잘 뽑 내 점 과하 점 주 배우 연기 아깝 정도,Wednesday,0.141311923758918,1.0,긍정,1
2026-02-18,2.5,사실의 비극성이 영화의 몰입을 높였다,사실 비극 영화 몰입 높이,Wednesday,0.1,-2.0,부정,1
2026-02-18,3.5,모든 배우들의 연기가 만족스러웠으며 흥행공식을 제대로 따른 연출도 나쁘지않았다,모든 배우 연기 만족 스럽 흥행 공식 제대로 따르 연출 나쁘 않,Wednesday,0.1721087005378225,5.0,긍정,3
2026-02-18,3.5,"너무 잘 만든 영화는 아닌 거 아는데, 여운이 오래 감",잘 만들 영화 아니 알 여운 오래,Wednesday,0.1385899703304592,1.0,긍정,1
2026-02-18,4.5,저하ㅜ 저하ㅜ 저하ㅜㅠ,저하 저하 저하,Wednesday,0.0,0.0,중립,0
2026-02-18,4.5,"#0011 박지훈
유해진 업",박지훈 유해진 업,Wednesday,0.1,0.0,중립,0
2026-02-18,3.0,"초중반은 편집이 듬성듬성이어진 느낌이였습니다.
인물들이 어떻게 감정을 교류하고 친해지는지 순간적인 밥상머리씬 등을 통해서 간략히만 넘어가는 것 같이 느껴져 감정동기화가 안된 상태로 극이 진행된다고 생각됩니다. 

다만 역사를 알고 있고, 무엇보다 박지훈 눈과 연기가 어떻게든 측은지심을 불러 일으켜 몰입을 만들어 낸 것 같습니다. 
물론 유해진은 말할것도 없이 훌륭하고, 유지태도 악역으로서 그 이상의 가치를 했다고 생각합니다. 

더할나위 없는 캐스팅과 배우 열연이 돋보였는데 
좀 더 인물들간에 에피소드가 쌓이는 초중반부가 보강되었다면 어땠을까 싶습니다.

추가로 아쉬운점은 전미도 배우 역할이 너무 아무것도 없어서 아쉽습니다. 이홍위와 마을 사람들을 초반에 더 엮어주먄거 에피소드를 유발하는 역할이라도 했으면 좋을텐데",초중반 편집 듬성듬성 이어지 느낌 인물 어떻 감정 교류 친하 지 순간 밥상머리 씬 통하 간략히 넘어가 같이 느끼 지 감정 동기 안 되 상태 극 진행 생각 다만 역사 알 있 무엇 박 지훈 눈 연기 어떻 측은지심 부르 일으키 몰입 만들 내 같 물론 유해진 말 없이 훌륭 유지태 악역 이상 가치 하 생각 나위 없 캐스팅 배우 열연 돋보이 인물 간 에피소드 쌓이 초 중반부 보강 어떻 싶 추가 아쉽 점 전 미 배우 역할 아무것 없 아쉽 이홍위 마을 사람 초반 엮어주먄 에피소드 유발 역할 하 좋 터,Wednesday,0.2244855164532582,-1.0,부정,2
2026-02-17,4.0,익숙한 클리셰가 장점이 될수도있구나,익숙 클리셰 장점 되 있,Tuesday,0.0,2.0,긍정,1
2026-02-17,3.5,유해진의 진가를 다시 깨닫다. 그 하나 때문에 웃고 울었다.,유해진 진가 다시 깨닫 하나 때문 웃 울,Tuesday,0.1,0.0,중립,0
2026-02-17,2.5,"거장 (직전) 감독님, 거장은 가끔 뺄 줄도 알아야 한다고 생각하는데 어떠신지요?",거장 직 전 감독 거장 가끔 빼 줄 알 하 생각 어떻,Tuesday,0.1,0.0,중립,0
2026-02-17,1.5,유해진 해조...,유해진 해조,Tuesday,0.1,0.0,중립,0
2026-02-17,4.0,진짜진짜 슬펐다. 역사가 스포라고 알고봤어도 마을사람들에게 이입되니 너무 슬픈듯,슬프 역사 스포 알 보 마을 사람 이입 슬프 듯,Tuesday,0.1412015659834063,-1.0,부정,1
2026-02-17,3.0,"연출이 뭔가 웃김
호랑이 씨지나 비내리는거나 천둥번개 등 먼가 완성도가 떨어지지만 재밌었음
박지훈 잘생김",연출 뭐 웃기 호랑이 씨 지나 비 내리 천둥 번개 머 완성도 떨어지 재밌 박지훈 잘생기,Tuesday,0.1,0.0,중립,0
2026-02-17,5.0,박지훈 눈빛에 무너짐 ㅠㅠ,박 지훈 눈빛 무너지,Tuesday,0.0,0.0,중립,0
2026-02-17,3.0,장항준 감독의 인맥 자랑질,장항준 감독 인맥 자랑,Tuesday,0.0,0.0,중립,0
2026-02-17,3.0,두 주연 배우보단 악역인 유지태의 '한명회'가  나올때마다 극의 흐름이 바뀐다.,두 주연 배우 악역 유지태 한명회 나오 때 극 흐름 바뀌,Tuesday,0.1,0.0,중립,0
2026-02-16,5.0,"역사적으로 가볍게만 알았던 단종에 대한 이야기를 지루하지않게 딱 간결하게 표현한 영화이지않을까싶다.
배우들의 연기차력쇼가 너무 한몫했던 오랜만에 영화다운 영화.",역사 가볍 알 단종 대하 이야기 지루 않 딱 간결 표현 영화 않 싶 배우 연기 차 쇼 한몫 하 오랜만 영화 답 영화,Monday,0.2043941924811984,-1.0,부정,1
2026-02-16,4.0,한명회 개색기야,한명회 개색기,Monday,0.0,0.0,중립,0
2026-02-16,4.0,"스토리는 좋았지만, 호랑이 CG가 짜쳐도 너무 짜쳐서 1점 감점.",스토리 좋 호랑이 짜 치 짜 치 점 감점,Monday,0.0,0.0,중립,0
2026-02-16,4.0,제 점수는요 3.8 입니다 뭔가 부족한,점수 요 뭐 부족,Monday,0.0,-1.0,부정,1
2026-02-16,5.0,"영화를 보며 나오는 사람들의 웃고 우는 반응이 신경쓰이지 않고 거슬리지 않는 영화는 오랜만이에요
영화에 집중해서 같이 웃고 같이 울게 되는 그런 영화였어요
단종의 죽음을 창호지를 두고 보여주지 않은 것도 너무 좋았어요 여러의미적으로도 그렇고 실제 단종의 죽음을 알 수 없는 것 처럼 여러 다른 생각이 떠오르게 여운이 남는 장면이었어요

-----------
영화 개봉한지 한달이 훌쩍 지났는데도 또 다시 보고싶어지는 영화네요
이미 두번 봤는데도
이렇게 마음에서 한번 더 보고 싶다고 생각 든 건 처음인거 같아요",영화 보 나오 사람 웃 우 반응 신경 쓰이 않 거슬리 않 영화 오랜만 영화 집중 같이 웃 같이 울 되 그런 영화 단종 죽음 창호지 두 보이 주 않 좋 여러 의미 그렇 실제 단종 죽음 알 없 여러 다른 생각 떠오르 여운 남 장면 영화 개봉 지 달 훌쩍 지나 또 다시 보 싶 지 영화 이미 두 번 보 이렇 마음 번 보 싶 생각 처음 같,Monday,0.1805483420865287,-2.0,부정,2
2026-02-16,4.0,역사적 사실을 기반으로 유해진을 가미하여 만들어진 영화.,역사 사실 기반 유해진 가미 만들 지 영화,Monday,0.1715182497004466,0.0,중립,0
2026-02-16,3.5,"신분제 사회에서 나의 이름 하나 제대로 알아주는 이 없지만
수염도 없는 이는 이를 굽어살핀다.

그래서 수염도 없던 이가 권력욕을 품고 자신의 사람을 지키려할 때 많은 이들이 나섰고, 그 결과가 부족했음에도 후세에 이름이 남았다.
-
사람들은 과거에서든 현재에서든 원하는 건 자신의 권력만을 노리는 이가 아닌 온전히 타인의 삶을 굽어살펴주는 이다.",신분 사회 나 이름 하나 제대로 알아주 없 수염 없 굽 살피 그래서 수염 없 권력욕 품 자신 사람 지키 하 때 많 나서 결과 부족 후세 이름 남 사람 과거 현재 원하 자신 권력 노리 아니 온전히 타인 삶 굽 살피 주,Monday,0.1338300004815105,0.0,중립,2
2026-02-16,2.0,"이게 재밌다고 생각하는 사람이 있으면 이게 한국영화의 현실이자 실태임.
영화관이 왜 망해가는지 잘 알 수 있을만큼 노잼임",이것 재밌 생각 사람 있 이것 한국 영화 현실 실태 영화관 왜 망하 잘 알 있 만큼 노 잼,Monday,0.1692743479293061,1.0,긍정,1
2026-02-16,4.0,"모래성처럼 흔들리던 연출 위로, 연기라는 바다가 밀려와 끝내 장관을 만들어냈다.",모래성 흔들리 연출 위 연기 바다 밀려오 끝내 장관 만들 내,Monday,0.1402197303686017,0.0,중립,0
2026-02-16,3.5,"뻔한 따뜻함이었지만 따뜻했고
뻔한 감동이었지만 감동이었다",뻔하 따뜻 따뜻 뻔하 감동 감동,Monday,0.0,4.0,긍정,2
2026-02-16,1.0,"불쌍하고 유약한 왕 단종이라는 수백년이나 된 평면적 모습에. 새로울것도 없는 무식쟁이만 신박하다고 울부짖는 엄흥도. 그리고 그를 평민으로 끌어내려져 만든 인위적인 구도. 위기를 위해 없던 일을 자꾸 집어넣는 사극 고질병. 유배보내주세요 라는 정신나간 도입부. 시발놈의 호랑이.

난 거장이 아니니 대충 찍자는 장항준 감독님. 이 만든 결과 겠지요.",불쌍 유약 왕 단종 백 년 되 평면 모습 새롭 없 무식 신 박 울부짖 엄흥 그리고 평민 끌어내리 지 만들 인위 구도 위기 위하 없 일 자꾸 집 넣 사극 고질병 유배 보내 주 하 정신 나가 도입부 시발 놈 호랑이 나 거장 아니 대충 찍 장항준 감독 만들 결과,Monday,0.141234282666909,-2.0,부정,2
2026-02-16,2.0,"이야기의 유기적인 연결은 없고
분절된 씬들 안에서 배우들의 연기만 남았다",이야기 유기 연결 없 분절 씬 안 배우 연기 남,Monday,0.141311923758918,0.0,중립,0
2026-02-15,3.5,"아주 색다른 사극은 아니다. 의미있고 깊이 빠지기 좋은 소재, 그리고 역사를 뒤틀지 않고 튀지않는 각색, 배우들의 최선이 느껴지는 연기 한 올 한 올이 '좋은 영화봤구나' 싶게한다.

사실 역사를 뒤집었다면 어땠을까 싶다. 웃는 모습에도 마음 답답해지게 슬픈 단종이라 그런가, 배우가 아련해서 그런가 자꾸만 그가 살았으면 싶었다. 감독의 상상력을 거기서 발휘했다면 어땠을까. 이보다는 훨씬 허구의 사극이였을테니, 지금과는 완전히 다른 영화였겠지.

'내 사람을 지키려 숨 죽이고 있어야하는가, 목숨을 건 내 사람들을 위해 나서야 하는가.' 숙명을 지니고 태어나 책임을 부여받고 그것이 삶의 이유던 12살은, 역사가 기억해줄 것이며 반드시 기록되어야한다는 일념으로 책무를 다했다. 어린 나이가 가련하고, 아쉬울 따름이다.

수양숙부에 왕위를 빼앗기고 유배지에서 사약을 받은  무력한 어린왕이 아닌, 적통중에 적통인 단종이였다. 12살 어린 나이의 단종은 유약한 어린아이가 떠올랐지만, 이 영화에선 왕의 기개가 드리운 모습이였다. 마치 단종에게 시간이 더 있었더라면 성군이 되었을지도 모른다고 하는 것 같다. (나도 그렇게 생각하곤 한다.)

(근데.. 나 역사 배울때 세조가 왕권강화했다고 배웠는데.. 쟤가 왜 세'조'야..이런씨.. 적통 중에 적통을.. 쟤가 왕권의 당위성을 다 망쳤잖아.)",아주 색다르 사극 아니 의미 있 깊이 빠지 좋 소재 그리고 역사 뒤틀 않 튀 않 각색 배우 최선 느끼 지 연기 올 올 좋 영화 보 싶 하 사실 역사 뒤집 어떻 싶 웃 모습 마음 답답 지 슬프 단종 그렇 배우 아련 그렇 자꾸 살 싶 감독 상상력 거기 발휘 어떻 훨씬 허구 사극 터 지금 완전히 다르 영화 나 사람 지키 숨 죽이 있 하 목숨 걸 나 사람 위하 나서 하 숙명 지니 태어나 책임 부여 받 그것 삶 이유 살 역사 기억 주 반드시 기록 하 일념 책무 다 어리 나이 가련 아쉽 따름 수양 숙부 왕위 빼앗기 유배지 사약 받 무력 어리 왕 아니 적 통 중 적 통 단종 살 어리 나이 단종 유약 어린아이 떠오르 영화 왕 기개 드리우 모습 마치 단종 시간 있 성군 되 모르 하 같 나 그렇 생각 하 근데 나 역사 배우 때 세조 왕권 강화 배우 쟤 왜 세 조 이런 씨 적 통 중 적 통 쟤 왕권 당위 다 망치,Sunday,0.2583544979642655,-1.0,부정,2
2026-02-15,4.0,유해진의 외모와 연기력 출중하다.,유해진 외모 연기력 출중,Sunday,0.1,0.0,중립,0
2026-02-15,3.0,"왕의 이름으로, 소년의 이름으로 이제는 평안하길",왕 이름 소년 이름 이제 평안,Sunday,0.0,0.0,중립,0
2026-02-15,4.0,아는 스토리였지만 유혜진의 연기와 의외의 진지함이있는 박지훈. 탄탄한 조연들 덕분에 감동있는 영화,아 스토리 유혜진 연기 의외 진지 있 박지훈 탄탄 조연 덕분 감동 있 영화,Sunday,0.1413068542326407,2.0,긍정,1
2026-02-15,4.0,처음과 끝을 연결하는 수미상관의 끈,처음 끝 연결 수미 상관 끈,Sunday,0.0,0.0,중립,0
2026-02-15,4.0,가족끼리 다같이 보기 좋은 잘만든 상업영화. 영화관 이렇게 복작복작 꽉들어찬거 오랜만이였다. 아쉬운부분도 있었지만 박지훈 연기가 너무너무 좋아서 볼 가치가 있음.,가족 다 같이 보 좋 잘 만들 상업 영화 영화관 이렇 복작 복작 꽉 들어차 오랜만 아쉽 부분 있 박 지훈 연기 너무너무 좋 보 가치 있,Sunday,0.1413068542326407,2.0,긍정,2
2026-02-14,4.5,연기가 미쳤잖아.,연기 미치,Saturday,0.1,0.0,중립,0
2026-02-14,4.5,이미 알고 있는 역사지만 그래도 박지훈의 단종과 유해진의 엄흥도 덕에 가슴이 절절해졌음 그냥 배우들이 다 그 인물로 빙의한줄.. 한명회도 장난아니였다 밤티 cg 때문에 별점 깎음,이미 알 있 역사 그래도 박지훈 단종 유해진 엄흥 덕 가슴 절절 지 그냥 배우 다 인물 빙의 줄 한명회 장난 아니 밤티 때문 별 점 깎,Saturday,0.2229084526251857,2.0,긍정,1
2026-02-14,3.5,"약한영웅의 박지훈은 아니었지만
티켓파워 생각하면 장항준감독 너무 영리했다👍👍
현재 상영스코어를 보면 정말 신의 한 수

무거운 내용과 코믹부분이 묘하게 찰떡으로 붙지 못하고 서로 들뜬 느낌
박지훈 역시 두 상황의 톤 변화는 쉽지 않았을듯

하지만 단종의 서사를 생각하면 눈물이 안날 수 없음😭
특히 옆에서 보시던 엄마 많이 우시더라🥹🥹
그 어린 나이에 어떻게 살았을지 결국 아무도 지켜주지 못한 걸 생각하면 그냥 먹먹함
마냥 행복하기만 했을 나이, 사랑만 받아도 모자랐을 겨우 16년의 세월

거의 유해진의 연기 차력쇼
박지훈의 전매 특허 깊은 눈빛 연기
박지훈은 아마 더 성장 할 수 있을 거라 생각 함
그리고 이번 특히 유지태 연기👍👍
보기 전엔 한명회를 유지태가...흠???
근데 200% 300%납득",약하 영웅 박 지훈 아니 티켓 파워 생각 장항준 감독 영리하 현재 상영 스코어 보 신 무겁 내용 코믹 부분 묘하 찰떡 붙 못하 서로 들뜨 느낌 박 지훈 역시 두 상황 톤 변화 쉽 않 듯 하지만 단종 서사 생각 눈물 안 나 없 특히 옆 보 엄마 많이 울 어리 나이 어떻 살 결국 아무 지키 주 못하 생각 그냥 먹먹 마냥 행복 하 나이 사랑 받 모자라 겨우 년 세월 유해진 연기 차력쇼 박지훈 전매 특허 깊 눈빛 연기 박지훈 아마 성장 있 생각 그리고 이번 특히 유지태 연기 보 전 한명회 유지태 근데 납득,Saturday,0.1795661679778924,5.0,긍정,4
2026-02-14,3.0,"장항준 감독님 인간적으로는 참 호감입니다만 연출과 각본은 다소 진부하지 않았나 싶다.

그럼에도 불구하고 예쁘게 포장해준 배우들 덕에 아쉬움은 어느 정도 상쇄된다.

박지훈은 처연하면서도 반짝이는 눈빛에서 연민과 총기가 느껴지고, 유해진은 언제나 그랬듯 능숙하게 관객의 감정을 움직일 줄 안다.
유지태의 대사 전달력과 카리스마에서는 깊은 관록이 묻어난다.

+) 울려고 티슈 챙겨갔는데 아쉽게도 눈물이 안나더라.
울컥하려 하다가도 그놈의 호랑이 CG가 자꾸 아른거리고, 픽션과 논픽션이 혼재되어 인물들의 감정선에 몰입하지 못해 눈물이 쏙 들어가버렸슨,,",장항준 감독 인간 참 호감 연출 각본 다소 진부 않 싶 그렇 불구 예쁘 포장 주 배우 덕 아쉬움 어느 정도 상쇄 박 지훈 처연 반짝이 눈빛 연민 총기 느끼 지 유해진 언제나 그렇 능숙 관객 감정 움직이 줄 알 하 유지태 대사 전달 카리스마 깊 관록 묻어나 울 티슈 챙기 아쉽 눈물 안 나 울컥 하 놈 호랑이 자꾸 아른거리 픽션 논픽션 혼재 인물 감정 선 몰입 못 눈물 쏙 들어가 버리 슬,Saturday,0.1726691658447752,0.0,중립,7
2026-02-14,4.0,전미도가 아까웠다. 왜 굳이 저역할을...,전미도 아깝 왜 굳이 역할,Saturday,0.0,0.0,중립,0
2026-02-14,4.0,"보기 전 영화 초중반이 약하다. 억지 개그 요소가 있다 등 혹평이 있어서 걱정하면서 봤는데, 생각보다 괜찮았고 볼 만한 영화. 배우들의 연기가 인상적임",보 전 영화 초중반 약하 억지 개그 요소 있 혹평 있 걱정 보 생각 괜찮 보 만 영화 배우 연기 인상,Saturday,0.1938002557917329,-3.0,부정,2
2026-02-14,5.0,"배우들의 연기력이 살려낸 역사의 한 장.
눈물이 저절로 나왔다 여운이 가시지 않는다.",배우 연기력 살리 내 역사 장 눈물 저절로 나오 여운 가시 않,Saturday,0.1409753456354825,-1.0,부정,1
2026-02-14,3.0,비극이라는 차가운 강물 위에 띄운 희극의 땟목.,비극 차갑 강물 위 띄우 희극 땟목,Saturday,0.0,-2.0,부정,1
2026-02-13,3.0,역사의 서글픔과 배우의 활약에도 드러나고 마는 연출의 허술함.,역사 서글프 배우 활약 드러나 말 연출 허술하,Friday,0.1726590348478765,0.0,중립,0
2026-02-13,2.0,"독선적이고 일방적인 연출이 몰입을 자꾸만 깬다.
-2026.02.04-",독선 일방 연출 몰입 자꾸 깨,Friday,0.1,0.0,중립,0
2026-02-13,5.0,배우들 연기에 끝나고도 여운이 많이 남는다,배우 연기 끝나 여운 많이 남,Friday,0.141311923758918,0.0,중립,0
2026-02-12,3.5,"연출은 옛날 MBC써프라이즈 수준이지만 배우 연기로 겨우 겨우 살림.
그래도 그 허술함이 오히려 담백해서 응원하게 되는 영화.",연출 옛날 MBC써프라이즈 수준 배우 연기 겨우 겨우 살림 그래도 허술 오히려 담백하 응원 되 영화,Thursday,0.198287588164374,0.0,중립,0
2026-02-12,4.5,"슬픔................
좀시대지난한국식개그랑 애매한호랑이CG에 멈칫하다가도
배우들연기력이랑 박지훈얼굴보면 용서하게됨",슬픔 시대 지나 한국식 개그 애매 호랑이 멈칫 배우 연기력 박지훈 얼굴 보 용서 되,Thursday,0.1,-2.0,부정,1
2026-02-12,3.0,원래 알고 있던 단종 이야기였지만 영화로 보니 굉장히 슬펐음 연출 등 좀 아쉬움이 있었지만 배우들이 잘한듯,원래 알 있 단종 이야기 영화 보 굉장히 슬프 연출 아쉬움 있 배우 잘 하 듯,Thursday,0.1982840902388935,0.0,중립,2
2026-02-12,3.0,잘차려진 밥상에 흐믓했으나 막상 먹어보니 간이 안맞네,잘 차리 지 밥상 흐믓 막상 먹 보 간 안 맞,Thursday,0.0,1.0,긍정,1
2026-02-12,5.0,존내재밋다 말티즈씨 일냇다 눈물 자국 닦으시오,존내재밋다 말티즈 씨 일 내 눈물 자국 닦,Thursday,0.0,-1.0,부정,1
2026-02-12,4.0,"이미 알고 있는 내용이고, 
작품의 완성도도 뭐 그정도인가 싶은데도
단종 눈만 보면 그냥 눈물이 줄줄줄",이미 알 있 내용 작품 완성도 정도 싶 단종 눈 보 그냥 눈물 줄줄줄,Thursday,0.1,-1.0,부정,1
2026-02-12,3.5,대중성 연기력 고증 다 수준급이라고 생각했는데 다들 꺼드럭대서 놀랐음,대중 연기력 고증 다 수준급 생각 다 꺼드럭대서 놀라,Thursday,0.1,0.0,중립,0
2026-02-11,5.0,화려한 배경보다 인물의 감정선이 더 강하게 다가왔다. 생각보다 훨씬 여운이 긴 영화.,화려 배경 인물 감정 선 강하 다가오 생각 훨씬 여운 길 영화,Wednesday,0.1366434239108448,0.0,중립,0
2026-02-11,3.5,역시 믿고보는 배우유해진 연기는 눈물없이 볼수가 없었다  가슴이 찢여짐,역시 믿 보 배우 유해진 연기 눈물 없이 보 없 가슴 찢 지,Wednesday,0.1723711709775386,-1.0,부정,1
2026-02-11,4.0,우리는 이제야 비로소 그를 떠나보낸다,우리 이제야 비로소 떠나보내,Wednesday,0.0,0.0,중립,0
2026-02-11,5.0,"사극보면서 울뻔한적은 이번이 2번째인데 
너무 좋았음.. 단종이라는 인물에대해서 깊게 생각해본 계기가 되어서 기뻤음",사극 보 울 뻔 적 이번 번 좋 단종 인물 대하 깊 생각 보 계기 되 기쁘,Wednesday,0.1404419980937012,0.0,중립,0
2026-02-11,2.0,준수한 연기력을 깎아 먹는 구닥다리 감성,준수 연기력 깎 먹 구닥다리 감성,Wednesday,0.0,0.0,중립,0
2026-02-11,3.0,연기 정말 잘 한다,연기 잘 하,Wednesday,0.1,1.0,긍정,1
2026-02-11,3.0,좀 아쉬웠는데 연기력이 받혀줘 살짝 슬펐다,아쉽 연기력 받히 주 살짝 슬프,Wednesday,0.0,0.0,중립,0
2026-02-10,3.0,"나름 시간떼우기 좋은 역사영화
볼만하다정도",나름 시간떼우기 좋 역사 영화 보 만 정도,Tuesday,0.1396861576707047,0.0,중립,0
2026-02-10,2.5,그 정도 사이가 될 서사였나...,정도 사이 되 서사,Tuesday,0.0,0.0,중립,0
2026-02-10,4.5,이정도면 재미있지 다들 평론가병 들렸음?,정도 재미있 다 평론가 병 들리,Tuesday,0.0,-2.0,부정,1
2026-02-10,3.5,"애매한 연출에 어마한 연기력
장하다 장항준!!",애매 연출 어마 연기력 장하다 장항준,Tuesday,0.1,2.0,긍정,1
2026-02-10,3.0,눈과 눈빛으로 연기하여 마음을 울리다.,눈 눈 빛 연기 마음 울리,Tuesday,0.1,1.0,긍정,1
2026-02-10,1.5,모든게 다소 인위적이다 연출 연기 스토리 모두,모든 다소 인위 연출 연기 스토리 모두,Tuesday,0.1402197303686017,0.0,중립,0
2026-02-10,3.5,열연들로 덮어버리는 여전한 연출의 약점들,열연 덮 버리 여전 연출 약점,Tuesday,0.1,-2.0,부정,1
2026-02-10,3.5,코믹부분이  차지하는 부분이 너무 많았지만 후반부  배우들의 연기력덕에 눈물도,코믹 부분 차지 부분 많 후반부 배우 연기력 덕 눈물,Tuesday,0.1,1.0,긍정,2
2026-02-10,3.0,유혜진으로 시작해서 유혜진으로 끝나는영화 참으로 돈 많이 안들여도 연기력으로 한 영화 끌고 갈수 있구나 싶은데...워낙 쓸때없는 말로 테이크 길게 가져감 그닥 좋게봐줄수는 없다..,유혜진 시작 유혜진 끝나 영화 참으로 돈 많이 안 들이 연기력 하 영화 끌 있 싶 워낙 쓰 때 없 말 테이크 길 가져가 그닥 좋 보 주 없,Tuesday,0.1,1.0,긍정,1
2026-02-10,3.0,활시위를 당길 때 벌어지는 비극 속 페이소스,활시위 당기 때 벌어지 비극 속 페이소스,Tuesday,0.0,-2.0,부정,1
2026-02-09,3.5,"배우들의 찰떡같은 캐릭터 소화력과 열연을 바탕으로,

역사 기록에 없는 단종의 귀향 생활을 영화적 상상력을 가미하여 웃음과 눈물을 동시에 전달해 준 점은 영화의 큰 장점이다.

​그러나 역사가 스포일러 인지라, 당하기만 하고 생을 마감하는 어린 단종의 인생은 관객들을 씁슬하게 하고,

​감정의 과잉을 유발하는 결말부의 설정은 아쉬운 부분이다.",배우 찰떡 같 캐릭터 소화력 열연 바탕 역사 기록 없 단종 귀향 생활 영화 상상력 가미 웃음 눈물 동시 전달 주 점 영화 크 장점 그러나 역사가 스포일러 당하 하 생 마감 어리 단종 인생 관객 씁슬 하 감정 과잉 유발 결말 부 설정 아쉽 부분,Monday,0.1897550485134586,1.0,긍정,2
2026-02-09,3.0,뒤늦은 체념에 화만 돋운다,뒤늦 체념 화 돋우,Monday,0.0,-2.0,부정,1
2026-02-09,4.5,장항준 감독 필모중 가장좋았습니다. 연출 역사고증 CG 이런거 다 떠나서 이홍위라는 비극적인 운명의 주인공에 연민이 느껴졌으니 저는 그걸로 만족합니다. 노원에서 영화보고 의정부집까지 울면서 왔습니다.ㅠ.ㅠ,장항준 감독 필 모 중 가장 좋 연출 역사 고증 이런 다 떠나 이홍위 비극 운명 주인공 연민 느끼 지 걸 만족 노원 영화 보 의정부 집 울 오,Monday,0.171354060615955,-1.0,부정,3
2026-02-09,2.0,단순 영화의 주제가 단종과 엄흥도의 이야기라면 잘 만들었음. 다만 정말 그것뿐이었다면 많이 아쉬운 영화라고 생각. 장면마다 분위기가 극과극이라 어느장단에 맞출지 의문이기도 했음,단순 영화 주제 단종 엄흥도 이야기 잘 만들 다만 그것 많이 아쉽 영화 생각 장면 분위기 극 극 어느 장단 맞추 의문 하,Monday,0.1711857035519023,1.0,긍정,1
2026-02-09,5.0,담담하게 단종의 마지막 모습을 보여준 연출 덕분에 단종의 비극적인 운명에 더 몰입할 수가 있었다. 그리고 단종이 유배지 사람들에게 마음을 여는 과정과 엄흥도와 단종 사이에 쌓이는 우정 역시 잘 묘사했다. 그래서인지 마지막에 단종이 결국 죽는 장면이 너무나도 슬프고 또 슬펐다.,담담 단종 마지막 모습 보이 주 연출 덕분 단종 비극 운명 몰입 있 그리고 단종 유배지 사람 마음 열 과정 엄 흥 단종 사이 쌓이 우정 역시 잘 묘사 그렇 마지막 단종 결국 죽 장면 너무나 슬프 또 슬프,Monday,0.137016864090657,-1.0,부정,2
2026-02-08,4.0,"장항준 인생업정 영화...캐스팅부터 연출까지 수려하고 감성넘치다.

​

(7/10) - 수작

​

PS. 시작부터 끝까지 기록으로 남아있는 스토리라인 자체가 스포일러인 사극장르",장항준 인생업정 영화 캐스팅 연출 수려 감성 넘치 수작 시작 끝 기록 남 있 스토리 라인 자체 스포일러 사극 장르,Sunday,0.1394081308877378,0.0,중립,0
2026-02-08,5.0,"유지태의 한명회
유해진의 미친연기력
박지훈의 디그니티

감독이 얼마나 성공하려는지
가늠이 안되는 영화
정말 부럽다
이들이 다 붙은 작품이라니

눈물콧물쏙빼고옴",유지태 한명회 유해진 미치 연기력 박지훈의 디그니티 감독 얼마나 성공 하 가늠 안 되 영화 부럽 다 붙 작품 눈물 콧물 쏙 빼 오,Sunday,0.1397379910915857,1.0,긍정,2
2026-02-08,3.5,재밌고 슬펐다,재밌 슬프,Sunday,0.0,0.0,중립,0
2026-02-08,3.5,딱 볼만한 영화. 그 정도,딱 보 만 영화 정도,Sunday,0.1,0.0,중립,0
2026-02-08,3.0,"혹독한 계절 앞에서
꺾여버린 아름다운 꽃 한송이.

꽃이 핀 시간은 짧았지만
그 아련함은 깊은 향기가 되어
영원한 숨결로 머문다.",혹독 계절 앞 꺾이 버리 아름답 꽃 송이 꽃 피 시간 짧 아련 깊 향기 되 영원 숨결 머물,Sunday,0.0,0.0,중립,1
2026-02-08,2.0,약해보이지만 약하지않은 왕과 우스워보이지만 우습지않은 촌장,약하 보이 약하 않 왕 우습 보이 우습 않 촌장,Sunday,0.0,0.0,중립,0
2026-02-08,3.0,영화 보는 내내 엥스러운 연출이 있었지만 배우들이 연기 차력쇼로 어떻게든 아득바득 살려냈다. 결국 슬픔을 관객에게 전달하는데는 성공한 듯하다. 이것도 어찌됐든 연출력은 연출력이겠지,영화 보 내내 스럽 연출 있 배우 연기 차력쇼 어떻 아득바득 살리 내 결국 슬픔 관객 전달 데 성공 듯 이것 어찌 되 연출력 연출력,Sunday,0.198287588164374,0.0,중립,2
2026-02-08,4.0,"'왕과 사는 남자'는 박지훈의, 박지훈에 의한, 박지훈을 위한 영화다. 의외로 코미디의 색채가 짙은 영화 속에서 박지훈의 단종은 시종일관 눈가에 슬픔을 머금은 채 극이 가벼운 소동극으로 치닫지 않도록 극의 드라마적 균형을 책임진다. 역사적 결말을 알고 있어서인지 극 중에서 그의 얼굴만 봐도 울컥했으니, 개인적으로 정말 인상적이었다.

어떻게 보면 그가 맡은 단종이 또 다른 인생캐 중 하나인 '약한영웅' 속 연시은이 겹쳐 보일 수 있는 위험성이 있었는데도, 훨씬 더 무게감 있는 감정 연기를 통해 그의 다른 캐릭터가 의식되지 않도록 했다. 이 역할을 대체할 수 있을 다른 배우가 전혀 떠오르지 않을 정도로 연기가 완벽했다.

물론 유해진의 걸출함과 퍼포먼스 역시 빼 놓을 수 없다. 유해진은 그의 트레이드마크인 리드미컬하고 능글 맞은 대사 처리를 여러 번 선보이면서, 코미디 시퀀스를 전담하며 객석의 타율을 높이는 동시에, 후반부에는 진중한 감정연기까지 매끄럽게 소화한다. 포스트 코로나 시대의 한국 영화계에서도 그가 왜 여전히 최상위권의 티켓 파워를 유지하는지 스스로 증명해내는 것만 같았다.

또한 이 영화의 장점 중 하나는 드라마와 코미디 사이의 균형을 연출을 통해 매우 안정적으로 유지한다는 점이다. 생각보다 코미디 요소가 많은데도 극의 무게감을 해치지 않았으며, 무게를 실어야 할 때는 확실한 속도 제어를 통해 착실히 슬픈 역사의 한 페이지를 그려낸다.

유지태와 전미도는 안정적으로 아래를 받쳐주었고, 특별 출연한 박지환, 안재홍의 활약도 짧았지만 극에 활기를 불어넣었다. 다만 이준혁의 특별출연은 배우가 지닌 기대감에 비해 별다른 포스를 보여주지 못했다는 점이 아쉽다. 실제로 캐릭터가 그정도니 어쩔 수 없지만...

장항준 감독은 배우 앙상블을 훌륭하게 조합하고, 극의 밸런스를 맞추며, 조선의 약한 영웅 단종을 일상적이고도 큰 사람으로 그려냈다. 과도한 신파도, 코미디의 미스매치도 없이 조선 초기의 파란만장함을 스크린으로 성공적으로 옮겼다.

고점이 높은 감독보다 저점이 높은 감독이 여럿 필요한 작금의 한국 영화계에서, 장항준의 준수한 복귀가 반갑다.",왕 사 남자 박지훈 박지훈 의하 박지훈 위하 영화 의외로 코미디 색채 짙 영화 속 박지훈 단종 시종일관 눈가 슬픔 머금 채 극 가볍 소동 극 치닫 않 극 드라마 균형 책임지 역사 결말 알 있 극 중 얼굴 보 울컥 하 개인 인상 어떻 보 맡 단종 또 다른 인생캐 중 하나 약하 영웅 속 연시 겹치 보이 있 위험 있 훨씬 무게감 있 감정 연기 통하 다른 캐릭터 의식 않 하 역할 대체 있 다른 배우 전혀 떠오르 않 정도 연기 완벽 물론 유해진 걸출 퍼포먼스 역시 빼 놓 없 유해진 트레이드 마크 리드미컬 능 글 맞 대사 처리 여러 번 선보이 코미디 시퀀스 전담 객석 타 높이 동시 후반부 진중 감정 연기 매끄럽 소화 포스트 코로나 시대 한국 영화 왜 여전히 최 상위 티켓 파워 유지 스스로 증명 내 같 또한 영화 장점 중 하나 드라마 코미디 사이 균형 연출 통하 매우 안정 유지 점 생각 코미디 요소 많 극 무게감 해치 않 무게 싣 하 때 확실하 속도 제어 통하 착실히 슬프 역사 페이지 그리 내 유지태 전미도 안정 아래 받치 주 특별 출연 박지환 안재홍 활약 짧 극 활기 불어넣 다만 준혁 특별 출연 배우 지니 기대감 비하 별다르 포스 보이 주 못 점 아쉽 실제로 캐릭터 정도 어쩌 없 장항준 감독 배우 앙상블 훌륭 조합 극 밸런스 맞추 조선 약하 영웅 단종 일상 크 사람 그리 내 과도 신파 코미디 미스 매치 없이 조선 초기 파란만장 스크린 성공 옮기 고점 높 감독 점 높 감독 여럿 필요 작금 한국 영화 장항준 준수 복귀 반갑,Sunday,0.2788980544358402,12.0,긍정,10
2026-02-08,2.5,소재를 소화하지 못하는 설명적 연출,소재 소화 못하 설명 연출,Sunday,0.1,0.0,중립,0
2026-02-08,3.5,단종 이야기를 아는 입장에선 유해진의 원맨쇼가 돋보였다랄까. 유지태는 총 출연시간에 비해 인상깊게 남아있는걸 보면 대단한 배우다 싶다. 배우들 열연에 1점 더 드립니다.,단종 이야기 아 입장 유해진 원맨쇼 돋보이 유지태 총 출연 시간 비하 인상 깊 남 있 보 대단 배우 싶 배우 열연 점 드리,Sunday,0.1670889490364473,0.0,중립,0
2026-02-08,4.5,결말을 아는데도 너무 슬퍼,결말 알 데 슬프,Sunday,0.0,0.0,중립,0
2026-02-08,4.0,"아는 역사이지만 두 주인공배우의 연기력이 빛이
난 웰메이드작품",아 역사 두 주인공 배우 연기력 빛 나 웰 메이드 작품,Sunday,0.1409753456354825,1.0,긍정,1
2026-02-08,3.5,이제부터 박지훈은 제 눈물버튼입니다,이제 박 지훈 눈물 버튼,Sunday,0.0,-1.0,부정,1
2026-02-08,3.0,"연기로만 설득하는 왕과 백성의 끈
(1분 쇼츠 올림)",연기 설득 왕 백성 끈 분 쇼츠 올림,Sunday,0.1,0.0,중립,0
2026-02-08,3.0,유해진 그를 위한 의한 함께한 영화,유해진 위하 의하 함께 하 영화,Sunday,0.1397379910915857,1.0,긍정,1
2026-02-08,5.0,9할 유해진 1할 박지훈   1할이 없으면 9할도 진중함을 없을듯  유해진은  연기안했으면  안될사람    연기가 아주 찰떡입니다,할 유해진 할 박 지훈 할 없 할 진중 없 듯 유해진 연기 안 하 안 되 사람 연기 아주 찰떡,Sunday,0.1688695134548163,0.0,중립,0
2026-02-08,1.0,네이버 평점에 속아서 본 영화. 다시 돌아간다면 절대 보지 않을것이다. 지금 24.12.03 그날 영화때매 평점 조작에 들어가서 그런듯하다. 평점에 속지마라. 신의악단 = 왕사남,네이버 평점 속 보 영화 다시 돌아가 절대 보 않 지금 날 영화 때 매 평점 조작 들어가 그런 듯 평점 속 말 신 악단 왕 사 나,Sunday,0.1,0.0,중립,0
2026-02-08,4.0,"장항준 감독의 한계, 그럼에도 첨인데 이렇게나? 
어쨌든 재미있으니 다행이고 유지태의 눈빛과 유해진의 하드캐리는 빛났다",장항준 감독 한계 그렇 첨 이렇 어쨌든 재미있 다행 유지태 눈빛 유해진 하드캐리 빛나,Sunday,0.1,1.0,긍정,2
2026-02-07,1.0,"• 과연 지금 보고 있는 이게 2026년의 촬영물이 맞는지. 내 두 눈이 잘못된 줄 알았던 지난한 2시간. ‘전설의 고향’급 한명회 천둥번개에서 터지는 웃음 참느라 눈물이 나던.
• 차라리 채널A 「천일야사」 PD님을 데려왔다면 이보다도 더 싸고 잘 먹히게 찍었을 것 같은데. 꼴에 영화라면서 편집은 오히려 재연 드라마보다 더 못하던데, 뭘.
• 배우들의 발군의 연기력, 그 처절한 발버둥에 생기지 않을 수 없었던 동정심까지, 노리신 거라면 참으로 환상적입니다그려.",과연 지금 보 있 이것 년 촬영 물 맞 나 두 눈 잘못 줄 알 지난 시간 전설 고향 급 한명회 천둥 번개 터지 웃음 참 눈물 나 차라리 채널 천일야사 데려오 싸 잘 먹히 찍 같 꼴 영화 하 편집 오히려 재연 드라마 못 하 배우 발군 연기력 처절 발버둥 생기 않 없 동정심 노리 참으로 환상,Saturday,0.140976537461733,-3.0,부정,6
2026-02-07,5.0,단종의 눈을 볼때마다 한없이 울게되요,단종 눈 보 때 한없이 울 되,Saturday,0.1,0.0,중립,0
2026-02-07,4.0,"사실적인 영화라도 만듦새와 연기가 잘 맞아떨어지니, 처연하구나 노산이여..",사실 영화 만들 새 연기 잘 맞아떨어지 처연 노산,Saturday,0.1413068542326407,1.0,긍정,1
2026-02-07,2.0,공허한 코믹사극 조선시대 약한영웅,공허 코믹 사극 조선 시대 약하 영웅,Saturday,0.0,2.0,긍정,1
2026-02-07,3.0,조금이나마 가깝게 느낄 수 있었던 1457년 청령포,조금 가깝 느끼 있 년 청령포,Saturday,0.0,0.0,중립,0
2026-02-07,3.0,흥미로운 소재와 어느정도 연기력이 갖추어진 상황에서 허술한 연출이 이를 받쳐주지 못해 가슴속 깊이 사무치게 아쉬움. 장항준 영화의 최대 결점은 장항준임을 다시 확인한 작품.,흥미 롭 소재 어느 정도 연기력 갖추 지 상황 허술 연출 받치 주 못 가슴 속 깊이 사무치 아쉬움 장항준 영화 최대 결점 장항준 다시 확인 작품,Saturday,0.1394081308877378,-1.0,부정,4
2026-02-07,3.5,"비극의 역사에 숨겨진 이야기. 
처음엔 엄흥도의 원맨쇼인줄 알았으나 한명회의 카리스마, 그리고 다른 캐릭터 하나하나 다 보였다. 특히 마지막 이홍위의 눈물 한방울이 기억에 남는다.",비극 역사 숨기 지 이야기 처음 엄 흥 원맨쇼 줄 알 한명회 카리스마 그리고 다른 캐릭터 하나하나 다 보이 특히 마지막 이홍위 눈물 방울 기억 남,Saturday,0.1,-3.0,부정,2
2026-02-07,5.0,감동재미 다 잡았습니다. 가족들과 보기 좋고 배우들 연기가 너무 좋아요,감동 재미 다 잡 가족 보 좋 배우 연기 좋,Saturday,0.141311923758918,4.0,긍정,2
2026-02-07,2.0,"줄거리만 보면 기대할 만한 요소가 많이 보이는데 정작 까보면 너무너무 애매한 영화... 사극에서 그놈의 'ㅅㅂ'는 왜 그렇게 많이 나오는지... 별로 웃기진 않았음. 유대감 쌓는 부분도 너무 짧음. 또한 클라이막스가 전개의 절정 구간이라고 느껴지지 않아서 보다가 끊긴 기분이 듦. 모든 게 애매하지만 배우의 연기력은 좋았다.

그리고 CG는... 하... 
차라리 안 쓰거나 연출로 커버하는 게 나았을 듯.",줄거리 보 기대 만 요소 많이 보이 정작 까 보 애매 영화 사극 놈 왜 그렇 많이 나오 별로 웃기 않 유대감 쌓 부분 짧 또한 클라이막스 전개 절정 구간 느끼 지 않 보 끊기 기분 모든 애매 배우 연기력 좋 그리고 차라리 안 쓰 연출 커버 낫 듯,Saturday,0.1715052940466799,1.0,긍정,1
2026-02-07,2.5,캐스팅을 잘 해놓고도 대충 비벼버리면 이렇게 됩니다,캐스팅 잘 놓 대충 비비 버리 이렇 되,Saturday,0.0,1.0,긍정,1
2026-02-07,3.5,단종을 떠나 엄홍도라는 인물에 관심을 가지게 하는 영화인건 좋았다 다만 호랑이CG  떠나서 연출이 솔직히 좀 당황스러울때 있다 그런거만 빼고 괜찮았다 장항준감독작품은 리바운드 말고는 두번째다 그리고 또한 오달수  좀 감독들이 잃었음 좋겠다,단종 떠나 엄홍도 인물 관심 가지 하 영화 좋 다만 호랑이 떠나 연출 솔직히 당황 스럽 때 있 그런 빼 괜찮 장항준 감독 작품 리바운드 말 두 번 그리고 또한 오달수 감독 잃 좋,Saturday,0.1713930246744903,0.0,중립,0
2026-02-07,4.5,정작 볼 때는 플롯이 맘에 안들었거든.. 근데 크레딧 올라가는 동안 영화가 끝나고 난 후에도 단종의 눈빛이 잊혀지지 않아 너무너무 힘들다,정작 보 때 플롯 맘 안 근데 크레딧 올라가 동안 영화 끝나 나 후 단종 눈빛 잊히 지 않 힘들,Saturday,0.1397886371745262,-2.0,부정,1
2026-02-06,4.0,"🏞️ 유배지의 시간과 서사
<왕과 사는 남자>는 “폐위된 왕 단종”을 상징적 비극으로 고정하지 않고, 유배지에서 흘러간 하루하루의 밀도를 이야기의 중심에 둔다. 1457년 영월 청령포라는 공간은 단순한 배경이 아니라, 강물로 둘러싸인 지형적 고립감 자체가 단종의 심리와 직결되는 구조로 기능한다. ‘왕이었던 소년’ ''이홍위''와 그를 맡아 지켜야 했던 촌장 ''엄흥도''는 이 공간 안에서 각자의 삶을 견디는 방식을 배워 가며, 영화는 그 과정을 통해 몰락 이후에도 지속되는 인간의 시간을 체감하게 만든다. 

🤝 관계의 구조와 공감의 확장
이 작품의 설득력은 관계의 출발이 지나치게 현실적이라는 데서 나온다. ''엄흥도''는 처음부터 의로운 인물이 아니라, 유배지가 되면 조정의 물자가 내려온다는 계산 속에서 마을의 생존을 고민하는 인물이다. 생존의 논리가 먼저인 사람이 누군가를 ‘관리 대상’이 아닌 ‘사람’으로 인식하기 시작하는 변화가 곧 서사가 된다. 반대로 ''이홍위''는 비극의 상징으로 소비되지 않고, 권력과 이름이 사라진 뒤 남는 수치심과 두려움, 무력감, 그리고 아주 작은 회복의 징후들이 단계적으로 축적된다. 영화는 사건을 설명하기보다, 사건이 인간을 어떻게 바꾸는지를 보여 주는 데 집중한다. 

🎭 연기와 리듬이 만든 살아 있는 기록
연출은 빠른 전개나 극적인 궁중 대립을 피하고, 유배지의 느린 리듬을 그대로 따른다. 말수가 줄고 침묵이 길어지는 시간 속에서 감정은 한 번에 폭발하지 않고, 결이 다른 상태로 쌓인다. 이 축적은 후반부의 무게를 과장 없이 키우며, 관객은 감정을 연출된 효과가 아니라 “살아낸 시간의 결과”로 받아들이게 된다. 

🎬 ''박지훈''과 ''유해진''의 호흡
''박지훈''은 ''이홍위''를 연기하며 어린 왕이라는 표식을 강조하지 않는다. 꺾인 자존이 쉽게 회복되지 않는다는 사실을 미세한 표정과 호흡으로 지속시키고, 인간이 다시 삶을 붙드는 순간을 설득력 있게 꺼내 놓는다. ''유해진''의 ''엄흥도''는 생활인의 현실감에서 출발해 책임과 연민이 서서히 깊어지는 흐름을 자연스럽게 완성한다. 두 인물의 관계는 구원 서사가 아니라, 서로의 세계를 조금씩 넓혀 주는 감정의 교환으로 작동한다. 

📜 기록의 빈칸을 채우는 태도
<왕과 사는 남자>는 “역사적 사실을 바탕으로 상상했다”는 태도를 분명히 한다. 기록이 적은 단종 유배기의 공백을 자극적인 허구로 채우지 않고, 그 시간에 존재했을 법한 인간의 감정과 관계로 복원한다. 이 방식은 영화적 몰입과 역사적 상상을 동시에 자극하며, 작품 전체의 신뢰도를 끌어올린다. 

📚 《조선왕조실록》이 남긴 단종의 위치
《조선왕조실록》에서 단종은 이미 권력을 상실한 존재로 기록된다. 세조 즉위 이후 단종은 ‘왕’이 아닌 ‘노산군’으로 호칭되며, 정치의 중심에서 완전히 배제된 인물로 서술된다. 실록은 단종의 감정보다는 정국의 안정과 정당성을 우선시하는 기록이기 때문에, 단종의 유배 생활은 짧고 건조하게 처리된다. 이 점은 단종의 삶이 중요하지 않아서가 아니라, 기록의 목적이 개인의 고통보다 국가 질서의 유지에 있었기 때문이다. 영화는 바로 이 실록의 성격이 만들어 낸 공백을 서사의 출발점으로 삼는다. 

📖 여러 서책과 야사가 전하는 다른 결
《연려실기술》, 《대동야승》과 같은 후대의 서책과 야사들은 실록과는 다른 결의 이야기를 전한다. 이 기록들에서는 단종의 유배 생활과 죽음이 보다 구체적인 인간의 비극으로 서술되며, 정권의 불안과 공포가 얼마나 집요하게 단종을 압박했는지가 강조된다. 특히 단종의 최후를 둘러싼 서술에서 사약, 교살, 강요된 죽음 등의 표현이 반복되며, 실록의 간결한 문장과 대비되는 감정의 밀도가 형성된다. 이러한 기록들은 시간이 흐르며 축적된 증언과 지역 기억이 결합된 결과로, 단종을 정치적 존재가 아닌 한 인간으로 다시 호출한다. 

🕯️ 단종의 죽음에 대한 기록
단종의 죽음은 《세조실록》 세조 3년 10월 24일(음력) 기사에 '노산군이 스스로 목숨을 끊었다(魯山君自縊死)'라는 한 줄로 기록되어 있다. 그러나 후대의 기록은 이 간략함 자체를 문제 삼는다. 《연려실기술》에는 “세조 때 노산군의 죽음은 사서에 매우 간략하게 적혀 있어, 후대 유학자들이 그 사실이 다 기록되지 않았음을 의심하였다.”는 취지의 서술이 남아 있다. 이는 단종의 죽음이 실록에 축약되어 기록되었을 가능성을 제기하는 지점이다. 

이러한 문제 제기는 이후 《대동야승》과 같은 야사 계열 기록에서 더욱 구체적인 이야기로 확장된다. 이들 기록에는 금부도사 ''왕방연''이 약을 받들고 갔다는 전승이 전해지며, 공식 기록에는 드러나지 않은 사약 집행 가능성이 이야기의 형태로 남는다. 

한편 설화와 야사 전반에서는 단종이 사약을 마셨다는 서술보다,
외부의 힘에 의해 목이 졸려 죽었다는 교살 전승이 더 강하게 남아 있다. 이러한 전승은 실록의 자결 기록과 직접적으로 충돌하기보다는, 실록이 말하지 않은 죽음의 정황과 폭력성을 보완하려는 기억의 축적에 가깝다. 

이처럼 기록이 갈리는 이유는 단종의 죽음이 단순한 개인의 최후가 아니라, 세조 정권의 정당성과 직결된 정치적 사건이었기 때문이다.
공식 기록인 실록은 권력의 책임을 최소화하는 언어로 사건을 정리했고, 후대의 기록과 야사는 그 언어 바깥에서 지워진 인간의 비극과 의문을 복원하려 했다. 

🪦 사후의 기록과 ''엄흥도''
여러 기록, 특히 《연려실기술》에는 단종 사후 시신을 거두는 이가 없어 방치되었다는 내용과 함께, 영월의 아전 ''엄흥도''가 위험을 무릅쓰고 장례를 치렀다는 이야기가 전해진다. 이 대목은 단종의 죽음 이후에도 인간적 선택이 존재했음을 보여 주는 중요한 기록이다. 영화가 ''엄흥도''를 정서적 중심축으로 세운 이유는 이 역사적 기억과 정확히 맞닿아 있다. 허구의 감상이 아니라, 기록 속에 남아 있는 인간의 선택을 확장하는 방식이다. 

🏛️ 장소 기록이 더하는 설득
청령포와 관풍헌은 단종 유배 생활의 핵심 장소로, 서로 다른 성격의 기록들에 반복해서 등장한다. 《세조실록》 3년 6월경(음력)에 '노산군이 영월로 유배되었다(徙魯山君于寧越)'는 사실만 간략히 전할 뿐, 거처의 구체적 성격은 상세히 서술하지 않는다. 반면 후대 서책인 《연려실기술》과 《대동야승》에는 단종이 처음 머문 청령포가 삼면이 강으로 둘러싸여 배 없이는 출입이 어려운 곳으로 묘사되며, 이로 인해 그의 유배가 물리적 고립을 전제로 한 조치였음이 드러난다. 또한 같은 기록들에는 영월 일대의 홍수로 청령포에 더 머무를 수 없게 되자, 단종의 거처가 관아에 속한 누정인 관풍헌으로 옮겨졌다는 서술이 전해진다. 이는 단종의 마지막 시간이 하나의 공간에 고정된 것이 아니라, 자연 조건과 정치적 판단에 따라 계속 이동하며 관리되었음을 보여 주는 대목이다. 청령포가 자연 지형을 이용한 고립의 공간이었다면, 관풍헌은 권력의 시야 안에서 이루어지는 감시와 통제의 공간이었고, 이러한 장소의 대비는 단종의 유배가 단계적으로 압박의 방식을 달리해 간 과정이었음을 기록 차원에서 뚜렷하게 증언한다. 

🧩 기록의 언어로 드러나는 한명회의 위치
<왕과 사는 남자>는 단종의 비극을 감정의 이야기로만 밀어붙이지 않고, 그 비극이 어떤 정치적 구조 속에서 형성되었는지를 조용히 드러낸다. 그 구조의 중심에는 한명회가 있다. 그는 단종의 죽음을 직접 명령한 인물로 기록되지는 않지만, 단종을 둘러싼 판단과 제도적 조치가 형성되는 핵심 축에 있었던 인물이다. 《세조실록》에는 세조 즉위 직후 국정 운영의 중심 인물로 한명회가 반복해 등장한다. 실록은 이를 '국가의 중요한 사안을 함께 논의하게 했다(命韓明澮等議政事)'라고 기록하고 있다. 즉 한명회는 명령을 전달하는 신하가 아니라, 판단 과정 자체에 참여한 인물이었다는 뜻이다. 

단종 복위 움직임이 발각된 뒤의 기록은 더욱 분명하다. 실록은 '역을 토벌하는 논의에 참여했다.(明澮與議誅逆)'라고 쓰는데, 여기서 ‘역(逆)’은 단순한 반란이 아니라, 단종을 다시 왕으로 세우려는 행위 자체를 국가에 대한 반역으로 규정한 표현이다. 이 문장은 한명회가 단종 복위 세력을 어떻게 인식하고, 어떤 정치적 판단의 언어 안에 있었는지를 명확히 보여 준다. 

영화는 이 실록의 문장들을 직접 재현하지 않는다. 대신 그 문장들이 낳은 결과를 인간의 시간과 공간으로 풀어낸다. 유배와 감시, 격하와 침묵이 작동하는 모든 순간에 한명회의 정치적 판단은 그림자처럼 깔려 있고, 그래서 단종의 죽음은 특정 개인의 잔혹함으로 환원되지 않는다. 그것은 한명회로 대표되는 권력의 언어가 한 인간의 삶을 끝까지 압박한 결과로 읽힌다. <왕과 사는 남자>는 바로 이 지점에서, 실록의 짧은 문장들이 담고 있는 무게를 감정의 서사로 확장하며 역사와 영화가 만나는 설득력 있는 지점을 만들어 낸다. 

🌌 기록과 영화가 만나는 지점
<왕과 사는 남자>는 단종의 죽음을 단정하지 않는다. 대신 《조선왕조실록》의 침묵과 여러 서책의 균열을 모두 끌어안아, 권력이 기록하지 않은 시간과 감정을 이야기로 복원한다. 그래서 이 영화는 왕의 비극이라기보다, 기록과 기록 사이에서 지워졌던 한 인간의 하루를 다시 살아 보게 만드는 작품으로 남는다. 그 점이 이 영화를 오래 기억하게 만드는 가장 단단한 이유다.",유배지 시간 서사 왕 사 남자 폐위 왕 단종 상징 비극 고정 않 유배지 흘러가 하루하루 밀도 이야기 중심 두 년 영월 청령포 공간 단순 배경 아니 강물 둘러싸이 지형 고립감 자체 단종 심리 직결 구조 기능 왕 소년 이홍위 맡 지키 하 촌장 엄 흥 공간 안 각자 삶 견디 방식 배우 영화 과정 통하 몰락 이후 지속 인간 시간 체감 만들 관계 구조 공감 확장 작품 설득력 관계 출발 지나치 현실 데 나오 엄흥 처음 의롭 인물 아니 유배지 되 조정 물자 내려오 계산 속 마을 생존 고민 인물 생존 논리 먼저 사람 누구 관리 대상 아니 사람 인식 시작 변화 곧 서사 되 반대 이홍위 비극 상징 소비 않 권력 이름 사라지 뒤 남 수치심 두려움 무력감 그리고 아주 작 회복 징후 단계 축적 영화 사건 설명 사건 인간 어떻 바꾸 보이 주 데 집중 연기 리듬 만들 살 있 기록 연출 빠르 전개 극 궁중 대립 피하 유배지 느리 리듬 그대로 따르 말수 줄 침묵 길 지 시간 속 감정 번 폭발 않 결 다르 상태 쌓이 축적 후반부 무게 과장 없이 키우 관객 감정 연출 효과 아니 살 내 시간 결과 받아들이 되 박지훈 유해진 호흡 박지훈 이홍위 연기 어리 왕 표식 강조 않 꺾이 자존 쉽 회복 않 사실 미세 표정 호흡 지속 인간 다시 삶 붙들 순간 설득력 있 꺼내 놓 유해진 엄 흥 생활인 현실감 출발 책임 연민 서서히 깊 지 흐름 자연 스럽 완성 두 인물 관계 구원 서사 아니 서로 세계 조금 넓히 주 감정 교환 작동 기록 빈칸 채우 태도 왕 사 남자 역사 사실 바탕 상상 늘 태도 분명히 하 기록 적 단종 유배 공백 자극 허구 채우 않 시간 존재 법 인간 감정 관계 복원 방식 영화 몰입 역사 상상 동시 자극 작품 전체 신뢰도 끌어올리 조선왕조실록 남기 단종 위치 조선왕조실록 단종 이미 권력 상실 존재 기록 세조 즉위 이후 단종 왕 아니 노산 군 호칭 정치 중심 완전히 배제 인물 서술 실록 단종 감정 정국 안정 정당 우선 기록 때문 단종 유배 생활 짧 건조 처리 점 단종 삶 중요 않 아니 기록 목적 개인 고통 국가 질서 유지 있 때문 영화 바로 실록 성격 만들 내 공백 서사 출발점 삼 여러 서책 야사 전하 다른 결 연려실기술 대동 야 승 같 후대 서책 야사 실록 다르 결 이야기 전하 기록 단종 유배 생활 죽음 보다 구체 인간 비극 서술 정권 불안 공포 얼마나 집요 단종 압박 강조 특히 단종 최후 둘러싸 서술 사약 교살 강요 죽음 표현 반복 실록 간결 문장 대비 감정 밀도 형성 이러 기록 시간 흐르 축적 증언 지역 기억 결합 결과 단종 정치 존재 아니 인간 다시 호출 단종 죽음 대하 기록 단종 죽음 세조 실록 세조 년 월 일 음력 기사 노산 군 스스로 목숨 끊 줄 기록 있 그러나 후대 기록 간략 자체 문제 삼 하 연려실기술 세조 때 노산 군 죽음 사서 매우 간략 적히 있 후대 유학자 사실 다 기록 않 의심 하 취지 서술 남 있 단종 죽음 실록 축약 기록 가능 제기 지점 이러 문제 제기 이후 대동야승 같 야사 계열 기록 더욱 구체 이야기 확장 기록 금부 도사 왕방 연 약 받들 전승 전하 지 공식 기록 드러나 않 사약 집행 가능 이야기 형태 남 한편 설화 야사 전반 단종 사약 마시 서술 외부 힘 의하 목 졸리 죽 교살 전승 강하 남 있 이러하 전승 실록 자결 기록 직접 충돌 실록 말 않 죽음 정황 폭력 보완 기억 축적 가깝 기록 갈리 이유 단종 죽음 단순 개인 최후 아니 세조 정권 정당 직결 정치 사건 때문 공식 기록 실록 권력 책임 최소 언어 사건 정리 후대 기록 야사 언어 바깥 지우 지 인간 비극 의문 복원 하 사후 기록 엄 흥 여러 기록 특히 연려실기술 단종 사후 시신 거두 없 방치 내용 함께 영월 아전 엄 흥 위험 무릅쓰 장례 치르 이야기 전하 지 대목 단종 죽음 이후 인간 선택 존재 보이 주 중요 기록 영화 엄 흥 정서 중심축 세우 이유 역사 기억 정확히 맞닿 있 허구 감상 아니 기록 속 남 있 인간 선택 확장 방식 장소 기록 설득 청령포 관풍헌 단종 유배 생활 핵심 장소 서로 다른 성격 기록 반복 등장 세조 실록 년 월 음력 노산 군 영월 유배 늘 사실 간략히 전하 뿐 거처 구체 성격 상세히 서술 않 반면 후대 서책 연려실기술 대동야승 단종 처음 머물 청령포 삼면 강 둘러싸이 배 없이 출입 어렵 곳 묘사 인하 유배 물리 고립 전제 하 조치 드러나 또한 같 기록 영월 일대 홍수 청령포 머무르 없 되 단종 거처 관아 속하 누정 관풍헌 옮기 지 서술 전하 지 단종 마지막 시간 하나 공간 고정 아니 자연 조건 정치 판단 따르 계속 이동 관리 보이 주 대목 청령포 자연 지형 이용 고립 공간 관풍헌 권력 시야 안 이루어지 감시 통제 공간 이러 장소 대비 단종 유배 단계 압박 방식 달리 과정 기록 차원 뚜렷 증언 기록 언어 드러나 한명회 위치 왕 사 남자 단종 비극 감정 이야기 밀어붙이 않 비극 어떤 정치 구조 속 형성 조용히 드러내 구조 중심 한명회 있 단종 죽음 직접 명령 인물 기록 않 단종 둘러싸 판단 제도 조치 형성 핵심 축 있 인물 세조 실록 세조 즉위 직후 국정 운영 중심 인물 한명회 반복 등장 실록 국가 중요 사안 함께 논의 하 기록 있 즉 한명회 명령 전달 신하 아니 판단 과정 자체 참여 인물 뜻 단종 복위 움직임 발각 뒤 기록 더욱 분명 실록 역 토벌 논의 참여 쓰 여기 역 단순 반란 아니 단종 다시 왕 세우 행위 자체 국가 대하 반역 규정 표현 문장 한명회 단종 복위 세력 어떻 인식 어떤 정치 판단 언어 안 있 명확히 보이 주 영화 실록 문장 직접 재현 않 대신 문장 낳 결과 인간 시간 공간 풀어내 유배 감시 격하 침묵 작동 모든 순간 한명회 정치 판단 그림자 깔리 있 그래서 단종 죽음 특정 개인 잔혹 환원 않 그것 한명회 대표 권력 언어 인간 삶 끝 압박 결과 읽히 왕 사 남자 바로 지점 실록 짧 문장 담 있 무게 감정 서사 확장 역사 영화 만나 설득력 있 지점 만들 내 기록 영화 만나 지점 왕 사 남자 단종 죽음 단정 않 대신 조선왕조실록 침묵 여러 서책 균열 모두 끌어안 권력 기록 않 시간 감정 이야기 복원 그래서 영화 왕 비극 기록 기록 사이 지우 지 인간 하루 다시 살 보 만들 작품 남 점 영화 오래 기억 만들 가장 단단 이유,Friday,0.181697956242798,-37.0,부정,33
2026-02-06,4.0,"배우들의 연기는 너무 좋았지만 연출은 촌스럽고 허술했다. 고을사람들이 사랑방마냥 유배지를 방문하고 담소나누는 장면들은 감독이 단종이 외롭지않았으면 하는 마음에서 그런 픽션을 넣은건지 모르겠는데 결론적으론 최악
의 결정이었다. 현실성도 너무 떨어졌을뿐만 아니라 오히려 비극적인 결말에 쌩뚱맞고 더 단종을 비참하게 만드는 결과였다. 죽고싶어하고 삶에 의욕이 없는 사람에게 희망 조금 던저주고 기운차리게한 다음 뒤통수 치는 느낌이였다. 이럴거면 희망과 기쁨을 흐름과 안맞게 왜 억지로 넣으려한건지 명절영화로 밀려고 cj감성을 넣은건가?
그리고 단종은 어렸다. 영화에서는 각자 자기가 힘드니 나서지 말라거나 너가 죽으면 내가 힘들어진다는 말만한다.
아무도 이 어린왕에게 위로를 해주는 사람이 없다.
그리고 어른스럽게 남들을 다독이는 이 어린왕이 안쓰럽고 감독이 원망스러웠다. 한명이라도 따듯하게 어른처럼 안아줄 수 없었나? 지금과는 다르겠지만 어린왕에게 아무런 대가없이 위로와 공감을 해주는 사람이 있었다면 이 영화는 단종에게 위로가 됐을지도 모른다. 그저 어른이 원하는 왕 어른이 요구하고 바라는 어른스러움을 가진 아이를 묘사해놓아서 실망했다. 물론 왕이니 위엄있고 어른스러움이 있어야겠지만 이 영화는 더 단종을 고독하게 만드는것처럼 보였다. 물론 이건 내 개인적인 의견이지만 정말 뻔한 연출을 촌스럽게 살려서 유치했다. 전반적으로는 연기력이 멱살잡고 끌고가 만족했지만 대사도 하... 웹드라마도 아니고 뭔.. 가장 큰 문제는 호랑이 CG였다. 초반부터 몰입 와장창 느낌. 하지만 배우만 봐도 괜찮은 영화이긴하다.",배우 연기 좋 연출 촌 스럽 허술 고을 사람 사랑방 유배지 방문 담소 나누 장면 감독 단종 외롭 않 하 마음 그런 픽션 넣 모르 결론 최악 결정 현실 떨어지 뿐 아니 오히려 비극 결말 쌩뚱 맞 단종 비참 만들 결과 죽 싶 하 삶 의욕 없 사람 희망 조금 덜 저주 기운 차리 하 다음 뒤통수 치 느낌 이렇 희망 기쁨 흐름 안 맞 왜 억지로 넣 하 명절 영화 밀 감성 넣 그리고 단종 어리 영화 각자 자기 힘들 나서 말 너 죽 나 힘들 지 말 하 아무 어리 왕 위로 하 주 사람 없 그리고 어른 스럽 남 다독이 어리 왕 안쓰럽 감독 원망 스럽 명 따듯 어른 안 주 없 지금 다르 어리 왕 아무런 대가 없이 위로 공감 하 주 사람 있 영화 단종 위로 되 모르 그저 어른 원하 왕 어른 요구 바라 어른 스럽 가지 아이 묘사 놓 실망 물론 왕 위엄 있 어른 스럽 있 영화 단종 고독 만들 보이 물론 이거 나 개인 의견 뻔 연출 촌 스럽 살리 유치 전반 연기력 멱살 잡 끌 만족 대사 하 웹 드라마 아니 뭔 가장 크 문제 호랑이 초반 몰입 와장창 느끼 하지만 배우 보 괜찮 영화 하,Friday,0.2361562411688089,-6.0,부정,15
2026-02-06,2.0,익숙한 요리사가 익숙한 재료로 만든 익숙한 요리,익숙하 요리사 익숙하 재료 만들 익숙하 요리,Friday,0.0,0.0,중립,0
2026-02-06,2.5,픽션의 소소한 웃음과 역사의 씁쓸한 뒷맛,픽션 소소 웃음 역사 씁쓸 뒷맛,Friday,0.1,0.0,중립,0
2026-02-06,5.0,"비극적인 역사에 박지훈의 이홍위가 더해지니,
눈물을 멈출 수가 없었다.
마을 사람들과 어울리며 아이처럼 웃던 찰나의 행복을 보았기에,
가슴은 더 미어졌다.
고작 열일곱에 불과했던 어린 왕이여,
부디 강 건너에서는 그 무거운 짐을 모두 내려놓고 누구보다 밝게 웃으며 행복하길 바란다.",비극 역사 박지훈의 이홍위 지 눈물 멈추 없 마을 사람 어울리 아이 웃 찰나 행복 보 가슴 미어지 고작 열 일곱 불과 어리 왕 부디 강 건너 무겁 짐 모두 내려놓 누구 밝 웃 행복 바라,Friday,0.1412015659834063,-1.0,부정,6
2026-02-06,3.0,오늘부로 제 조선왕조101 픽은 단종입니다,오늘 조선 왕조 픽 단종,Friday,0.1,0.0,중립,0
2026-02-06,2.0,세련미가 너무 부족함,세련미 부족,Friday,0.0,0.0,중립,2
2026-02-06,2.5,한없이 가벼운 연출에 무너지는 이야기의 중심,한없이 가볍 연출 무너지 이야기 중심,Friday,0.1,0.0,중립,0
2026-02-05,2.5,"개인적으로 역사를 좋아해서 역사와 관련된 책을 1년에도 몇 권씩 읽을 정도인데, 그중에서 제일 좋아하는 역사는 조선사라 그 분야의 책은 몇십 권 정도 읽었다. 조선왕조실록은 두 번 읽었고, 조선사 시리즈를 여러 권 읽었으며, 인물별로도 읽고, 문화별로도 읽는 등 읽고 싶을 때마다 각종 조선사를 두루 읽으려고 하고 있다.

책을 많이 읽긴 했어도 세세하게 외울 정도로 공부하는 건 아니기에 역사적 업적을 남긴 왕과 위인, 그리고 또렷하게 남은 사건만 기억하고 있을 뿐인데, 계유정난은 조선 초기 왕족의 비극사라 확실히 인지하고 있다. 왕위에 욕심을 낸 삼촌이 보위에 오른 어린 조카를 끌어내려 폐위시킨 것으로도 모자라 유배를 보내고 그곳에서 죽게 만들었다는 이유만으로 세조는 570여 년이 지난 지금까지도 욕을 먹는 게 당연하다. 세조가 업적을 세우고 정치를 잘 했다고 해도 말이다.
조선사는 역사적 사료가 어마어마한 분량으로 남아 있으나 반정으로 왕이 되거나 단종처럼 권력을 쥔 자에 의해 억지로 양위하고 물러난 경우에는 실록이 그 후대 사람에 의해 집필되어 선왕에 대한 평가가 객관적이라고 볼 수가 없다. 더욱이 단종은 보위에 오른 기간이 3년으로 굉장히 짧은 터라 사료가 그리 많이 남아있지 않다.

그럼에도 단종의 삶과 죽음이 비극적이라는 것만은 널리 알려져 있는데, 그 비극의 역사를 영화는 너무 가볍게 소비하고 있었다. 단종은 워낙 짧은 인생을 살았기에 영화화하기 위해서 역사적 사실에 픽션을 가미한 건 이해할 수 있었다. 그런데 시작부터 엄흥도를 내세워 마을의 부흥을 일으키기 위해 유배자를 모셔오려는 장면에서부터 영화에 대한 반감과 거부감이 크게 생겼다. 사실 영화를 보기 전에 유쾌하고 밝은 장항준 감독이 연출을 맡고 유해진 배우가 출연한 사극이라는 점에서부터 예상된 부분이지만, 이렇게까지 코믹하게 끌고 갈 줄은 몰랐기에 당황스럽기까지 했다.
비교하는 건 지양하려고 하지만 역사에 픽션을 가미한 영화 중에서 <광해, 왕이 된 남자>나 <관상>을 좋게 보는데, 그 이유는 두 작품은 역사적 사실에 가상의 인물과 코믹한 요소를 섞었음에도 만듦새가 좋고 의미하는 바가 있기 때문이다. 반면에 <왕과 사는 남자>는 비극의 역사임에도 톤이 한없이 가벼워서 취향에 맞지 않아 시작부터 아쉬움을 느껴야만 했다.
더구나 후반에는 비극만을 강조하여 끔찍해 마지않는 신파로 이어지고 말았다. 코믹 신파 사극은 명절 특수를 노리기에는 더할 나위 없겠지만, 내 취향에는 전혀 맞지 않았다.",개인 역사 좋아하 역사 관련 책 년 몇 권 읽 정도 중 제일 좋아하 역사 조선사 분야 책 몇 십 권 정도 읽 조선왕조실록 두 번 읽 조선사 시리즈 여러 권 읽 인물 읽 문화 읽 읽 싶 때 각종 조선사 두루 읽 하 있 책 많이 읽 하 세세 외우 정도 공부 아니 역사 업적 남기 왕 위인 그리고 또렷 남 사건 기억 있 뿐 계유정난 조선 초기 왕족 비극 사 확실히 인지 있 왕위 욕심 내 삼촌 보위 오르 어리 조카 끌어내리 폐위 모자라 유배 보내 그곳 죽 만들 이유 세조 년 지나 지금 욕 먹 당연 세조 업적 세우 정치 잘 하 말 조선 사 역사 사료 어마어마 분량 남 있 반정 왕 되 단종 권력 쥐 자 의하 억지로 양위 물러나 경우 실록 후대 사람 의하 집필 선왕 대하 평가 객관 보 없 더욱이 단종 보위 오르 기간 년 굉장히 짧 터 사료 그리 많이 남 있 않 그렇 단종 삶 죽음 비극 널리 알리 지 있 비극 역사 영화 가볍 소비 있 단종 워낙 짧 인생 살 영화 위하 역사 사실 픽션 가미 이해 있 그런데 시작 엄 흥 내세우 마을 부흥 일으키 위하 유배 모시 오 장면 영화 대하 반감 거부감 크 생기 사실 영화 보 전 유쾌 밝 장항준 감독 연출 맡 유해진 배우 출연 사극 점 예상 부분 이렇 코믹 끌 줄 모르 당황 스럽 하 비교 지양 하 역사 픽션 가미 영화 중 광해 왕이 된 남자 관상 좋 보 이유 두 작품 역사 사실 가상 인물 코믹 요소 섞 만들 새 좋 의미 바 있 때문 반면 왕 사 남자 비극 역사 톤 한없이 가볍 취향 맞 않 시작 아쉬움 느끼 하 더구나 후반 비극 강조 끔찍하 마지않 신파 이어지 말 코믹 신파 사극 명절 특수 노리 더하 나위 없 나 취향 전혀 맞 않,Thursday,0.195876892131233,-16.0,부정,15
2026-02-05,3.0,낡음과 익숙함에서도 벗어나는 유해진의 농후함.,낡 익숙 벗어나 유해진 농후,Thursday,0.1,-1.0,부정,1
2026-02-05,0.5,재미가 엄서...,재미 엄서,Thursday,0.0,2.0,긍정,1
2026-02-05,2.5,"결국 침묵하는 웃음, 역사 앞에 아쉽게 아이코닉하지 못한 남자들둘.",결국 침묵 웃음 역사 앞 아쉽 아이코닉하 못하 남자 둘,Thursday,0.1,0.0,중립,0
2026-02-05,4.0,"역사서에는 몇줄남아있지 않은 기록에서 이런 서사를 만들어낸 장항준감독은, 역시 감독이었어! 👍
유해진배우의 연기는 코믹하지만 가볍지않은 진중함이 공존해서 또 놀라고 😍",역사서 몇 줄 남 있 않 기록 이런 서사 만들 내 장항준 감독 역시 감독 유해진 배우 연기 코믹 가볍 않 진중 공존 또 놀라,Thursday,0.1723711709775386,0.0,중립,0
2026-02-05,2.0,왕과사는남자 - (장항준 인기 + 유해진 연기력) = 0,왕 사 남자 장항준 인기 유해진 연기력,Thursday,0.1,1.0,긍정,1
2026-02-05,3.0,훌륭한 연기와 시트콤 같은 연출의 아쉬움이 공존,훌륭 연기 시트콤 같 연출 아쉬움 공존,Thursday,0.1402197303686017,-1.0,부정,1
2026-02-05,5.0,유해진 배우님의 엄청난 연기 차력쇼덕에 눈물 한바가지,유해진 배우 엄청나 연기 차력쇼 덕 눈물 바가지,Thursday,0.1723711709775386,1.0,긍정,2
2026-02-05,5.0,영화를 보면서 울었어요. 연기 넘 잘 해요ㅠㅠ,영화 보 울 연기 넘 잘,Thursday,0.1413068542326407,1.0,긍정,1
2026-02-05,2.5,전형적인 사극 영화들의 단점으로 덮인 소재 본연의 힘,전형 사극 영화 단점 덮이 소재 본연 힘,Thursday,0.1,0.0,중립,0
2026-02-05,4.5,"역사적 사실이라 해도 
두시간 어중이떠중이 연출은 독자들로 하여금
설득시키긴 부족했던거같다 그러나
간만에 정말 좋은 연기를 봤다",역사 사실 하 두 시간 어중이떠중이 연출 독자 하여금 설득 부족 같 그러나 간만에 좋 연기 보,Thursday,0.1720972246552911,-1.0,부정,1
2026-02-05,4.0,유해진이 감초 조연에서 주연이 된 이유,유해진 감초 조연 주연 되 이유,Thursday,0.1,0.0,중립,0
2026-02-05,3.0,연기파 배우들로 가득 채운 맛이 꽤 괜찮은 사극,연기파 배우 가득 채우 맛 꽤 괜찮 사극,Thursday,0.1,0.0,중립,0
2026-02-04,5.0,배우둘의 연기. 감동. 인간애. 거기다 코믹 한스푼.. 다 좋았다. 웃고 울고 단종의 죽는 순간이 실화인지 모르지만 충격적이였다!!,배우 둘 연기 감동 인간애 거기 코믹 스푼 다 좋 웃 울 단종 죽 순간 실화 모르 충격,Wednesday,0.1724096436679511,1.0,긍정,2
2026-02-04,5.0,금성대군이 이리도 잘생기시면...🤍,금성대군 이리 잘생기,Wednesday,0.0,0.0,중립,0
2026-02-04,3.0,영화 자체는 별론데...연기가 멱살 잡고 끌고감..특히 유해진 배우의 마지막 장면은 심금을 울린다,영화 자체 별로 연기 멱살 잡 끌 특히 유해진 배우 마지막 장면 심금 울리,Wednesday,0.1986106777402428,0.0,중립,0
2026-02-04,3.0,"초반부의 과장된 극의 톤은 연출 판단 미스였으나, 중반부부터 정석적인 톤을 따라가며 무난하게 마무리 짓는다.",초반부 과장 극 톤 연출 판단 미스 중반부 정석 톤 따르 무난하 마무리 짓,Wednesday,0.1,0.0,중립,0
2026-02-04,2.0,너무 평이하다. 어디서 본 것들의 집합.,평이 어디 보 집합,Wednesday,0.0,0.0,중립,0
2026-02-04,3.0,과거의 상황에서 현재의 모습을 투영한다.,과거 상황 현재 모습 투영,Wednesday,0.0,0.0,중립,0
2026-02-04,3.0,전형적 울림에 힘을 더하는 방법은 별 다른 게 아니라 그냥 서사를 착실히 쌓는 것,전형 울림 힘 방법 별 다른 아니 그냥 서사 착실히 쌓,Wednesday,0.1,0.0,중립,0
2026-02-04,3.0,유해진이 연기로 멱살잡고 끌고감,유해진 연기 멱살 잡 끌,Wednesday,0.1404769626093076,0.0,중립,0
2026-02-04,3.0,식상함과 무리함의 연속이지만 기어코 울림을 만들어 내버리는 연기와 정서.,식상 무리 연속 기어코 울림 만들 내 버리 연기 정서,Wednesday,0.1,-1.0,부정,1
2026-02-04,3.0,"두 주연 배우의 연기 차력쇼는 인정한다. 그러나 너무나 왕도적인 전개와 연출로 인해 (역사적 사실이 아니라 세부 내용의 측면에서) 뒷내용을 쉽게 예측하는 것이 가능해서, 결과적으로 그리 흥미롭지 않았다.
소재로 삼은 역사적 내용이 너무나 유명하다고 해서 그 내용까지 이미 유명한 방식 - 클리셰 - 으로 만들 필요는 없었을 텐데.",두 주연 배우 연기 차력 쇼 인정 그러나 너무나 왕도 전개 연출 인하 역사 사실 아니 세부 내용 측면 뒷 내용 쉽 예측 가능 결과 그리 흥미 롭 않 소재 삼 역사 내용 너무나 유명 하 내용 이미 유명 방식 클리셰 으 만들 필요 없 터,Wednesday,0.2090150410007349,2.0,긍정,2
2026-02-04,4.0,한명회 네 이놈,한명회 이놈,Wednesday,0.0,0.0,중립,0
2026-02-04,3.5,"뾰족함은 없지만, 수양대군 없이 단종의 시간을 담으려 한 시도가 빛났던 영화",뾰족 없 수양대군 없이 단종 시간 담 하 시도 빛나 영화,Wednesday,0.1397886371745262,0.0,중립,0
2026-02-04,3.0,노골적인 신파의 순간에도 배어 있는 사람의 따스한 온기와 정.,노골적 신파 순간 배 있 사람 따스 온기 정,Wednesday,0.1,1.0,긍정,1
2026-02-04,3.0,잠재력 있는 이야기와 특색 없는 연출의 부조화. 그 사이에서 연기만 돋보인다.,잠재력 있 이야기 특색 없 연출 부 조화 사이 연기 돋보이,Wednesday,0.1402197303686017,2.0,긍정,1
2026-02-04,3.0,흥미로운 소재와 좋은 연기를 무색하게 만드는 서툰 연출,흥미 롭 소재 좋 연기 무색 만들 서툴 연출,Wednesday,0.1402197303686017,1.0,긍정,1
2026-02-04,3.0,"이 영화가 지닌 웃음과 슬픔의 감정을 따로 떼어놓으면 훌륭한데, 둘을 접하는 과정에서 엇박자가 나 이질감이 든다.",영화 지니 웃음 슬픔 감정 따로 떼 놓 훌륭 둘 접하 과정 엇박자 나 이질감,Wednesday,0.1,-2.0,부정,1
2026-02-04,3.5,"역사라는 한계가 스스로의 목을 조르지만, 또 그것이 영화의 유일한 장점을 쥐어짜낸다.",역사 한계 스스로 목 조르 또 그것 영화 유일 장점 쥐어짜 내,Wednesday,0.1396861576707047,1.0,긍정,2
2026-02-04,3.0,의를 행하기 위해 화를 두려워하지 않을 정도로 두 사람의 교감이 잘 된건가 조금 의문이고 각자 연기를 잘하고 마지막 순간은 압권이었다,행하 위하 화 두려워하 않 정도 두 사람 교감 잘 되 조금 의문 각자 연기 잘 마지막 순간 압권,Wednesday,0.1393450919433425,0.0,중립,3
2026-02-04,3.0,"장항준 감독의 첫 사극 <왕과 사는 남자>는 비극적인 역사로 기록된 단종의 유배 생활을 따뜻한 상상력으로 채운 작품입니다. 권력의 비정함이 휩쓸고 간 자리에 남겨진 소년 왕과 그를 품어주는 촌부 엄흥도의 이야기를 통해, '모시는' 충심이 아닌 함께 '사는' 연대의 의미를 조명합니다.

영화는 자극적인 전개 대신 일상의 온기에 집중하며, 서로에게 기댈 곳이 되어주는 두 사람의 관계를 담백하게 그려냅니다. 유해진은 속물 촌장에서 연민과 충심을 품게 되는 변화를 자연스럽게 그려내고, 15kg을 감량한 박지훈은 유약한 소년이 아닌 범의 눈빛을 가진 왕의 면모를 설득력 있게 보여줍니다. 화면 밖에서도 긴장감을 조성하는 유지태의 압도적 존재감도 인상적이었습니다.

왕위를 되찾지 못한 단종과 역사의 승자가 되지 못한 엄흥도, 그러나 영화는 실패한 정의라 할지라도 그것을 기억하고 추모하는 것이 남은 자들의 몫이라 말합니다. 화려한 수라상은 아니지만 속이 편안해지는 집밥 같은 영화였습니다.",장항준 감독 첫 사극 왕 사 남자 비극 역사 기록 단종 유배 생활 따뜻 상상력 채우 작품 권력 비정 휩쓸 자리 남기 지 소년 왕 품 주 촌부 엄 흥 이야기 통하 모시 충심 아니 함께 사 연대 의미 조명 영화 자극 전개 대신 일상 온기 집중 서로 기대 곳 되 주 두 사람 관계 담백 그리 내 유해진 속물 촌 장 연민 충심 품 되 변화 자연 스럽 그리 내 감량 박 지훈 유약 소년 아니 범 눈빛 가지 왕 면모 설득력 있 보이 주 화면 밖 긴장감 조성 유지태 압도 존재감 인상 왕위 되찾 못하 단종 역사 승자 되 못하 엄흥 그러나 영화 실패 정의 하 그것 기억 추모 남 자 몫 말 화려 수라 상 아니 속 편안 지 집밥 같 영화,Wednesday,0.227901342967924,0.0,중립,6
2026-02-04,2.5,"반부 하나만 놓고보면 좀 다르지만 그전 서로 가까워지는 과정이 너무나도 가볍고 유치하게 선보여진 느낌에 역사가 스포라고 불리는 부분을 제외하고는 그저 아쉬운 마음속 몰입도는 높았던 영화였다. 가장 크게 기대했던, 사전 시사회 등에서 가장 강력하게 언급되었던 유해진과 박지훈의 후반 서사 조차 그렇게까지 엄청 나게 와닿지 않을 정도로 개인적으로 마을 서사가 너무 별로였다. 곰곰히 계속 생각을 해봤는데 일단 적어도 나에게는 마을 관련 된 서사가 심각하게 가볍게만 느껴져서 이게 '친근함' 으로 다가오는게 아니라 그로인해 '엄흥도'와 '이홍위' 의 서사가 갑작스러운 우정으로만 보여진것 처럼 느껴졌다.

​


장항준 감독의 연출에 대한 기대는 딱히 없었지만 이번 영화를 통해 좀 많이 실망했다고 해야할까. 본인이 인터뷰에서 언급한것 처럼 이미 다 아는 사실이기에 과연 관객들이 사랑할까 싶으면서도 동시에 정말 잘 다룬다면 거의 치트키나 다름 없는 소재였던 영화인데 충격적인 호랑이 CG, 흐름 끊기는 올드한 편집점 속에서 연출로 돋보이는 장면은 하나 없었으며 그와중에 배우들의 연기만 빛나서 배우들의 중심을 계속 잡아가는 느낌이었는데 유해진 배우라서 가능했던 코믹스러운 부분이 이번 영화에선 좀 과하게 느껴졌던 와중 중간에 '이거 그런 영화 아니야' 하고 무게 잡아주던 유지태 배우가 없었으면 난 좀 많이 실망했을 그런 영화.",반부 하나 놓 보 다르 전 서로 가깝 지 과정 너무나 가볍 유치 선보이 지 느낌 역사 스포 불리 부분 제외 그저 아쉽 마음 속 몰입도 높 영화 가장 크 기대 사전 시사회 가장 강력 언급 유해진 박지훈 후반 서사 그렇 엄청 나 오 닿 않 정도 개인 마을 서사 별로 곰곰히 계속 생각 하 보 일단 적어도 나 마을 관련 서사 심각 가볍 느끼 지 이것 친근 다가오 아니 인하 엄 흥 이홍 위 서사 갑작스럽 우정 보이 지 느끼 지 장항준 감독 연출 대하 기대 딱히 없 이번 영화 통하 많이 실망 하 하 본인 인터뷰 언급 이미 다 알 사실 과연 관객 사랑 싶 동시 잘 다루 거의 치트키 다르 없 소재 영화 충격 호랑이 흐름 끊기 올드 편집 점 속 연출 돋보이 장면 하나 없 와중 배우 연기 빛나 배우 중심 계속 잡 느낌 유해진 배우 가능 코믹 스럽 부분 이번 영화 과하 느끼 지 와중 중간 이거 그런 영화 아니 하 무게 잡 주 유지태 배우 없 나 많이 실망 그런 영화,Wednesday,0.2491627978546366,-1.0,부정,8
2026-02-04,4.0,"엉성한 각본과 연출.
이를 뛰어넘는 두 배우의 연기.
박지훈 날아오르다.",엉성 각본 연출 뛰어넘 두 배우 연기 박지훈 날아오르,Wednesday,0.1721087005378225,0.0,중립,0
2026-02-04,4.0,유해진 박지훈 케미와 장항준 감독의 명연출로 완성시킨 2026년 웰메이드 사극,유해진 박지훈 케미 장항준 감독 명 연출 완성 년 웰 메이드 사극,Wednesday,0.141404849401626,2.0,긍정,2
2026-02-04,4.5,역사적 사실에 뛰어난 상상력이 가미된 매우 잘만든 영화.  오랜만에 본 좋은 한국영화,역사 사실 뛰어나 상상력 가미 매우 잘 만들 영화 오랜만 보 좋 한국 영화,Wednesday,0.1390623634298076,3.0,긍정,2
2026-02-04,3.0,"조연에서 부상 중이었던 유해진은 주연에 걸맞는 연기를 보여주는 배우가 되었도, 오달수는 여전히 조연에 어울린다",조연 부상 중 유해진 주연 걸맞 연기 보이 주 배우 되 오달수 여전히 조연 어울리,Wednesday,0.1723711709775386,-2.0,부정,1
